-- phpMyAdmin SQL Dump
-- version 4.0.10.14
-- http://www.phpmyadmin.net
--
-- Servidor: localhost:3306
-- Tiempo de generación: 12-01-2017 a las 15:46:45
-- Versión del servidor: 5.6.34
-- Versión de PHP: 5.6.20

SET FOREIGN_KEY_CHECKS=0;
SET SQL_MODE = "NO_AUTO_VALUE_ON_ZERO";
SET AUTOCOMMIT = 0;
START TRANSACTION;
SET time_zone = "+00:00";


/*!40101 SET @OLD_CHARACTER_SET_CLIENT=@@CHARACTER_SET_CLIENT */;
/*!40101 SET @OLD_CHARACTER_SET_RESULTS=@@CHARACTER_SET_RESULTS */;
/*!40101 SET @OLD_COLLATION_CONNECTION=@@COLLATION_CONNECTION */;
/*!40101 SET NAMES utf8 */;

--
-- Base de datos: `aia`
--
CREATE DATABASE IF NOT EXISTS `aia` DEFAULT CHARACTER SET latin1 COLLATE latin1_swedish_ci;
USE `aia`;

-- --------------------------------------------------------

--
-- Estructura de tabla para la tabla `access`
--

CREATE TABLE IF NOT EXISTS `access` (
  `id` int(11) NOT NULL AUTO_INCREMENT,
  `profile_id` int(11) NOT NULL,
  `module_id` int(11) NOT NULL,
  PRIMARY KEY (`id`),
  KEY `fk_access_profile1_idx` (`profile_id`),
  KEY `fk_access_module1_idx` (`module_id`)
) ENGINE=InnoDB  DEFAULT CHARSET=utf8 AUTO_INCREMENT=17 ;

--
-- Volcado de datos para la tabla `access`
--

INSERT INTO `access` (`id`, `profile_id`, `module_id`) VALUES
(3, 1, 3),
(4, 1, 1),
(5, 1, 4),
(9, 1, 2),
(10, 1, 5),
(11, 1, 7),
(12, 1, 6),
(14, 2, 6),
(15, 2, 7),
(16, 3, 6);

-- --------------------------------------------------------

--
-- Estructura de tabla para la tabla `accesspropertydetail`
--

CREATE TABLE IF NOT EXISTS `accesspropertydetail` (
  `id` int(11) NOT NULL AUTO_INCREMENT,
  `property_id` int(11) NOT NULL,
  `property_detail_id` int(11) NOT NULL,
  `active` tinyint(1) DEFAULT NULL,
  PRIMARY KEY (`id`),
  KEY `fk_accesspropertydetail_property1_idx` (`property_id`),
  KEY `fk_accesspropertydetail_property_detail1_idx` (`property_detail_id`)
) ENGINE=InnoDB  DEFAULT CHARSET=utf8 AUTO_INCREMENT=515 ;

--
-- Volcado de datos para la tabla `accesspropertydetail`
--

INSERT INTO `accesspropertydetail` (`id`, `property_id`, `property_detail_id`, `active`) VALUES
(220, 4, 1, 1),
(221, 4, 2, 1),
(222, 4, 3, 1),
(223, 4, 5, 1),
(224, 4, 6, 1),
(225, 4, 7, 1),
(226, 4, 8, 1),
(227, 4, 9, 1),
(228, 4, 10, 1),
(229, 4, 12, 1),
(230, 4, 14, 1),
(231, 4, 15, 1),
(232, 4, 16, 1),
(233, 4, 17, 1),
(234, 4, 19, 1),
(290, 17, 1, 1),
(291, 17, 6, 1),
(292, 17, 10, 1),
(293, 17, 14, 1),
(317, 14, 1, 1),
(318, 14, 2, 1),
(319, 14, 3, 1),
(320, 14, 5, 1),
(321, 14, 6, 1),
(322, 14, 8, 1),
(323, 14, 9, 1),
(324, 14, 10, 1),
(325, 14, 12, 1),
(326, 14, 13, 1),
(327, 14, 17, 1),
(328, 14, 18, 1),
(348, 16, 2, 1),
(349, 16, 9, 1),
(350, 16, 10, 1),
(351, 16, 16, 1),
(352, 25, 3, 1),
(353, 25, 5, 1),
(354, 25, 6, 1),
(355, 25, 7, 1),
(356, 25, 8, 1),
(357, 25, 9, 1),
(358, 25, 10, 1),
(359, 25, 11, 1),
(360, 25, 12, 1),
(361, 25, 13, 1),
(362, 25, 14, 1),
(363, 25, 15, 1),
(364, 25, 17, 1),
(366, 28, 1, 1),
(367, 28, 6, 1),
(368, 28, 8, 1),
(369, 28, 12, 1),
(370, 28, 13, 1),
(371, 28, 14, 1),
(372, 28, 16, 1),
(373, 28, 17, 1),
(403, 32, 14, 1),
(404, 24, 9, 1),
(405, 24, 14, 1),
(409, 33, 14, 1),
(410, 30, 1, 1),
(411, 30, 2, 1),
(412, 30, 6, 1),
(413, 30, 8, 1),
(414, 30, 10, 1),
(415, 30, 11, 1),
(416, 30, 12, 1),
(417, 30, 17, 1),
(418, 30, 18, 1),
(419, 30, 19, 1),
(424, 31, 6, 1),
(425, 31, 9, 1),
(426, 31, 10, 1),
(427, 31, 14, 1),
(428, 31, 16, 1),
(429, 35, 10, 1),
(430, 35, 12, 1),
(431, 35, 13, 1),
(432, 35, 14, 1),
(433, 35, 15, 1),
(434, 35, 17, 1),
(435, 36, 1, 1),
(436, 36, 5, 1),
(437, 36, 6, 1),
(438, 36, 7, 1),
(439, 36, 11, 1),
(440, 36, 12, 1),
(441, 36, 16, 1),
(442, 36, 17, 1),
(443, 34, 6, 1),
(444, 34, 10, 1),
(445, 34, 12, 1),
(446, 34, 17, 1),
(447, 37, 1, 1),
(448, 37, 11, 1),
(449, 37, 12, 1),
(450, 37, 14, 1),
(451, 37, 17, 1),
(452, 37, 18, 1),
(453, 37, 19, 1),
(499, 42, 1, 1),
(500, 42, 9, 1),
(501, 42, 14, 1),
(502, 40, 6, 1),
(503, 40, 12, 1),
(504, 40, 13, 1),
(505, 40, 14, 1),
(506, 40, 15, 1),
(507, 40, 17, 1),
(508, 41, 16, 1),
(509, 41, 17, 1),
(510, 41, 18, 1),
(511, 43, 6, 1),
(512, 43, 12, 1),
(513, 43, 14, 1),
(514, 43, 15, 1);

-- --------------------------------------------------------

--
-- Estructura de tabla para la tabla `departamento`
--

CREATE TABLE IF NOT EXISTS `departamento` (
  `idDepa` int(5) NOT NULL DEFAULT '0',
  `departamento` varchar(50) DEFAULT NULL,
  PRIMARY KEY (`idDepa`)
) ENGINE=MyISAM DEFAULT CHARSET=utf8;

--
-- Volcado de datos para la tabla `departamento`
--

INSERT INTO `departamento` (`idDepa`, `departamento`) VALUES
(1, 'AMAZONAS'),
(2, 'ANCASH'),
(3, 'APURIMAC'),
(4, 'AREQUIPA'),
(5, 'AYACUCHO'),
(6, 'CAJAMARCA'),
(7, 'CALLAO'),
(8, 'CUSCO'),
(9, 'HUANCAVELICA'),
(10, 'HUANUCO'),
(11, 'ICA'),
(12, 'JUNIN'),
(13, 'LA LIBERTAD'),
(14, 'LAMBAYEQUE'),
(15, 'LIMA'),
(16, 'LORETO'),
(17, 'MADRE DE DIOS'),
(18, 'MOQUEGUA'),
(19, 'PASCO'),
(20, 'PIURA'),
(21, 'PUNO'),
(22, 'SAN MARTIN'),
(23, 'TACNA'),
(24, 'TUMBES'),
(25, 'UCAYALI');

-- --------------------------------------------------------

--
-- Estructura de tabla para la tabla `distrito`
--

CREATE TABLE IF NOT EXISTS `distrito` (
  `idDist` int(5) NOT NULL DEFAULT '0',
  `distrito` varchar(50) DEFAULT NULL,
  `idProv` int(5) DEFAULT NULL,
  PRIMARY KEY (`idDist`)
) ENGINE=MyISAM DEFAULT CHARSET=utf8;

--
-- Volcado de datos para la tabla `distrito`
--

INSERT INTO `distrito` (`idDist`, `distrito`, `idProv`) VALUES
(1, 'CHACHAPOYAS', 1),
(2, 'ASUNCION', 1),
(3, 'BALSAS', 1),
(4, 'CHETO', 1),
(5, 'CHILIQUIN', 1),
(6, 'CHUQUIBAMBA', 1),
(7, 'GRANADA', 1),
(8, 'HUANCAS', 1),
(9, 'LA JALCA', 1),
(10, 'LEIMEBAMBA', 1),
(11, 'LEVANTO', 1),
(12, 'MAGDALENA', 1),
(13, 'MARISCAL CASTILLA', 1),
(14, 'MOLINOPAMPA', 1),
(15, 'MONTEVIDEO', 1),
(16, 'OLLEROS', 1),
(17, 'QUINJALCA', 1),
(18, 'SAN FRANCISCO DE DAGUAS', 1),
(19, 'SAN ISIDRO DE MAINO', 1),
(20, 'SOLOCO', 1),
(21, 'SONCHE', 1),
(22, 'LA PECA', 2),
(23, 'ARAMANGO', 2),
(24, 'COPALLIN', 2),
(25, 'EL PARCO', 2),
(26, 'IMAZA', 2),
(27, 'JUMBILLA', 3),
(28, 'CHISQUILLA', 3),
(29, 'CHURUJA', 3),
(30, 'COROSHA', 3),
(31, 'CUISPES', 3),
(32, 'FLORIDA', 3),
(33, 'JAZAN', 3),
(34, 'RECTA', 3),
(35, 'SAN CARLOS', 3),
(36, 'SHIPASBAMBA', 3),
(37, 'VALERA', 3),
(38, 'YAMBRASBAMBA', 3),
(39, 'NIEVA', 4),
(40, 'EL CENEPA', 4),
(41, 'RIO SANTIAGO', 4),
(42, 'LAMUD', 5),
(43, 'CAMPORREDONDO', 5),
(44, 'COCABAMBA', 5),
(45, 'COLCAMAR', 5),
(46, 'CONILA', 5),
(47, 'INGUILPATA', 5),
(48, 'LONGUITA', 5),
(49, 'LONYA CHICO', 5),
(50, 'LUYA', 5),
(51, 'LUYA VIEJO', 5),
(52, 'MARIA', 5),
(53, 'OCALLI', 5),
(54, 'OCUMAL', 5),
(55, 'PISUQUIA', 5),
(56, 'PROVIDENCIA', 5),
(57, 'SAN CRISTOBAL', 5),
(58, 'SAN FRANCISCO DEL YESO', 5),
(59, 'SAN JERONIMO', 5),
(60, 'SAN JUAN DE LOPECANCHA', 5),
(61, 'SANTA CATALINA', 5),
(62, 'SANTO TOMAS', 5),
(63, 'TINGO', 5),
(64, 'TRITA', 5),
(65, 'SAN NICOLAS', 6),
(66, 'CHIRIMOTO', 6),
(67, 'COCHAMAL', 6),
(68, 'HUAMBO', 6),
(69, 'LIMABAMBA', 6),
(70, 'LONGAR', 6),
(71, 'MARISCAL BENAVIDES', 6),
(72, 'MILPUC', 6),
(73, 'OMIA', 6),
(74, 'SANTA ROSA', 6),
(75, 'TOTORA', 6),
(76, 'VISTA ALEGRE', 6),
(77, 'BAGUA GRANDE', 7),
(78, 'CAJARURO', 7),
(79, 'CUMBA', 7),
(80, 'EL MILAGRO', 7),
(81, 'JAMALCA', 7),
(82, 'LONYA GRANDE', 7),
(83, 'YAMON', 7),
(84, 'HUARAZ', 8),
(85, 'COCHABAMBA', 8),
(86, 'COLCABAMBA', 8),
(87, 'HUANCHAY', 8),
(88, 'INDEPENDENCIA', 8),
(89, 'JANGAS', 8),
(90, 'LA LIBERTAD', 8),
(91, 'OLLEROS', 8),
(92, 'PAMPAS', 8),
(93, 'PARIACOTO', 8),
(94, 'PIRA', 8),
(95, 'TARICA', 8),
(96, 'AIJA', 9),
(97, 'CORIS', 9),
(98, 'HUACLLAN', 9),
(99, 'LA MERCED', 9),
(100, 'SUCCHA', 9),
(101, 'LLAMELLIN', 10),
(102, 'ACZO', 10),
(103, 'CHACCHO', 10),
(104, 'CHINGAS', 10),
(105, 'MIRGAS', 10),
(106, 'SAN JUAN DE RONTOY', 10),
(107, 'CHACAS', 11),
(108, 'ACOCHACA', 11),
(109, 'CHIQUIAN', 12),
(110, 'ABELARDO PARDO LEZAMETA', 12),
(111, 'ANTONIO RAYMONDI', 12),
(112, 'AQUIA', 12),
(113, 'CAJACAY', 12),
(114, 'CANIS', 12),
(115, 'COLQUIOC', 12),
(116, 'HUALLANCA', 12),
(117, 'HUASTA', 12),
(118, 'HUAYLLACAYAN', 12),
(119, 'LA PRIMAVERA', 12),
(120, 'MANGAS', 12),
(121, 'PACLLON', 12),
(122, 'SAN MIGUEL DE CORPANQUI', 12),
(123, 'TICLLOS', 12),
(124, 'CARHUAZ', 13),
(125, 'ACOPAMPA', 13),
(126, 'AMASHCA', 13),
(127, 'ANTA', 13),
(128, 'ATAQUERO', 13),
(129, 'MARCARA', 13),
(130, 'PARIAHUANCA', 13),
(131, 'SAN MIGUEL DE ACO', 13),
(132, 'SHILLA', 13),
(133, 'TINCO', 13),
(134, 'YUNGAR', 13),
(135, 'SAN LUIS', 14),
(136, 'SAN NICOLAS', 14),
(137, 'YAUYA', 14),
(138, 'CASMA', 15),
(139, 'BUENA VISTA ALTA', 15),
(140, 'COMANDANTE NOEL', 15),
(141, 'YAUTAN', 15),
(142, 'CORONGO', 16),
(143, 'ACO', 16),
(144, 'BAMBAS', 16),
(145, 'CUSCA', 16),
(146, 'LA PAMPA', 16),
(147, 'YANAC', 16),
(148, 'YUPAN', 16),
(149, 'HUARI', 17),
(150, 'ANRA', 17),
(151, 'CAJAY', 17),
(152, 'CHAVIN DE HUANTAR', 17),
(153, 'HUACACHI', 17),
(154, 'HUACCHIS', 17),
(155, 'HUACHIS', 17),
(156, 'HUANTAR', 17),
(157, 'MASIN', 17),
(158, 'PAUCAS', 17),
(159, 'PONTO', 17),
(160, 'RAHUAPAMPA', 17),
(161, 'RAPAYAN', 17),
(162, 'SAN MARCOS', 17),
(163, 'SAN PEDRO DE CHANA', 17),
(164, 'UCO', 17),
(165, 'HUARMEY', 18),
(166, 'COCHAPETI', 18),
(167, 'CULEBRAS', 18),
(168, 'HUAYAN', 18),
(169, 'MALVAS', 18),
(170, 'CARAZ', 26),
(171, 'HUALLANCA', 26),
(172, 'HUATA', 26),
(173, 'HUAYLAS', 26),
(174, 'MATO', 26),
(175, 'PAMPAROMAS', 26),
(176, 'PUEBLO LIBRE', 26),
(177, 'SANTA CRUZ', 26),
(178, 'SANTO TORIBIO', 26),
(179, 'YURACMARCA', 26),
(180, 'PISCOBAMBA', 27),
(181, 'CASCA', 27),
(182, 'ELEAZAR GUZMAN BARRON', 27),
(183, 'FIDEL OLIVAS ESCUDERO', 27),
(184, 'LLAMA', 27),
(185, 'LLUMPA', 27),
(186, 'LUCMA', 27),
(187, 'MUSGA', 27),
(188, 'OCROS', 21),
(189, 'ACAS', 21),
(190, 'CAJAMARQUILLA', 21),
(191, 'CARHUAPAMPA', 21),
(192, 'COCHAS', 21),
(193, 'CONGAS', 21),
(194, 'LLIPA', 21),
(195, 'SAN CRISTOBAL DE RAJAN', 21),
(196, 'SAN PEDRO', 21),
(197, 'SANTIAGO DE CHILCAS', 21),
(198, 'CABANA', 22),
(199, 'BOLOGNESI', 22),
(200, 'CONCHUCOS', 22),
(201, 'HUACASCHUQUE', 22),
(202, 'HUANDOVAL', 22),
(203, 'LACABAMBA', 22),
(204, 'LLAPO', 22),
(205, 'PALLASCA', 22),
(206, 'PAMPAS', 22),
(207, 'SANTA ROSA', 22),
(208, 'TAUCA', 22),
(209, 'POMABAMBA', 23),
(210, 'HUAYLLAN', 23),
(211, 'PAROBAMBA', 23),
(212, 'QUINUABAMBA', 23),
(213, 'RECUAY', 24),
(214, 'CATAC', 24),
(215, 'COTAPARACO', 24),
(216, 'HUAYLLAPAMPA', 24),
(217, 'LLACLLIN', 24),
(218, 'MARCA', 24),
(219, 'PAMPAS CHICO', 24),
(220, 'PARARIN', 24),
(221, 'TAPACOCHA', 24),
(222, 'TICAPAMPA', 24),
(223, 'CHIMBOTE', 25),
(224, 'CACERES DEL PERU', 25),
(225, 'COISHCO', 25),
(226, 'MACATE', 25),
(227, 'MORO', 25),
(228, 'NEPEÑA', 25),
(229, 'SAMANCO', 25),
(230, 'SANTA', 25),
(231, 'NUEVO CHIMBOTE', 25),
(232, 'SIHUAS', 26),
(233, 'ACOBAMBA', 26),
(234, 'ALFONSO UGARTE', 26),
(235, 'CASHAPAMPA', 26),
(236, 'CHINGALPO', 26),
(237, 'HUAYLLABAMBA', 26),
(238, 'QUICHES', 26),
(239, 'RAGASH', 26),
(240, 'SAN JUAN', 26),
(241, 'SICSIBAMBA', 26),
(242, 'YUNGAY', 27),
(243, 'CASCAPARA', 27),
(244, 'MANCOS', 27),
(245, 'MATACOTO', 27),
(246, 'QUILLO', 27),
(247, 'RANRAHIRCA', 27),
(248, 'SHUPLUY', 27),
(249, 'YANAMA', 27),
(250, 'ABANCAY', 28),
(251, 'CHACOCHE', 28),
(252, 'CIRCA', 28),
(253, 'CURAHUASI', 28),
(254, 'HUANIPACA', 28),
(255, 'LAMBRAMA', 28),
(256, 'PICHIRHUA', 28),
(257, 'SAN PEDRO DE CACHORA', 28),
(258, 'TAMBURCO', 28),
(259, 'ANDAHUAYLAS', 29),
(260, 'ANDARAPA', 29),
(261, 'CHIARA', 29),
(262, 'HUANCARAMA', 29),
(263, 'HUANCARAY', 29),
(264, 'HUAYANA', 29),
(265, 'KISHUARA', 29),
(266, 'PACOBAMBA', 29),
(267, 'PACUCHA', 29),
(268, 'PAMPACHIRI', 29),
(269, 'POMACOCHA', 29),
(270, 'SAN ANTONIO DE CACHI', 29),
(271, 'SAN JERONIMO', 29),
(272, 'SAN MIGUEL DE CHACCRAMPA', 29),
(273, 'SANTA MARIA DE CHICMO', 29),
(274, 'TALAVERA', 29),
(275, 'TUMAY HUARACA', 29),
(276, 'TURPO', 29),
(277, 'KAQUIABAMBA', 29),
(278, 'ANTABAMBA', 30),
(279, 'EL ORO', 30),
(280, 'HUAQUIRCA', 30),
(281, 'JUAN ESPINOZA MEDRANO', 30),
(282, 'OROPESA', 30),
(283, 'PACHACONAS', 30),
(284, 'SABAINO', 30),
(285, 'CHALHUANCA', 31),
(286, 'CAPAYA', 31),
(287, 'CARAYBAMBA', 31),
(288, 'CHAPIMARCA', 31),
(289, 'COLCABAMBA', 31),
(290, 'COTARUSE', 31),
(291, 'HUAYLLO', 31),
(292, 'JUSTO APU SAHUARAURA', 31),
(293, 'LUCRE', 31),
(294, 'POCOHUANCA', 31),
(295, 'SAN JUAN DE CHACÑA', 31),
(296, 'SAÑAYCA', 31),
(297, 'SORAYA', 31),
(298, 'TAPAIRIHUA', 31),
(299, 'TINTAY', 31),
(300, 'TORAYA', 31),
(301, 'YANACA', 31),
(302, 'TAMBOBAMBA', 32),
(303, 'COTABAMBAS', 32),
(304, 'COYLLURQUI', 32),
(305, 'HAQUIRA', 32),
(306, 'MARA', 32),
(307, 'CHALLHUAHUACHO', 32),
(308, 'CHINCHEROS', 33),
(309, 'ANCO-HUALLO', 33),
(310, 'COCHARCAS', 33),
(311, 'HUACCANA', 33),
(312, 'OCOBAMBA', 33),
(313, 'ONGOY', 33),
(314, 'URANMARCA', 33),
(315, 'RANRACANCHA', 33),
(316, 'CHUQUIBAMBILLA', 34),
(317, 'CURPAHUASI', 34),
(318, 'GAMARRA', 34),
(319, 'HUAYLLATI', 34),
(320, 'MAMARA', 34),
(321, 'MICAELA BASTIDAS', 34),
(322, 'PATAYPAMPA', 34),
(323, 'PROGRESO', 34),
(324, 'SAN ANTONIO', 34),
(325, 'SANTA ROSA', 34),
(326, 'TURPAY', 34),
(327, 'VILCABAMBA', 34),
(328, 'VIRUNDO', 34),
(329, 'CURASCO', 34),
(330, 'AREQUIPA', 35),
(331, 'ALTO SELVA ALEGRE', 35),
(332, 'CAYMA', 35),
(333, 'CERRO COLORADO', 35),
(334, 'CHARACATO', 35),
(335, 'CHIGUATA', 35),
(336, 'JACOBO HUNTER', 35),
(337, 'LA JOYA', 35),
(338, 'MARIANO MELGAR', 35),
(339, 'MIRAFLORES', 35),
(340, 'MOLLEBAYA', 35),
(341, 'PAUCARPATA', 35),
(342, 'POCSI', 35),
(343, 'POLOBAYA', 35),
(344, 'QUEQUEÑA', 35),
(345, 'SABANDIA', 35),
(346, 'SACHACA', 35),
(347, 'SAN JUAN DE SIGUAS', 35),
(348, 'SAN JUAN DE TARUCANI', 35),
(349, 'SANTA ISABEL DE SIGUAS', 35),
(350, 'SANTA RITA DE SIGUAS', 35),
(351, 'SOCABAYA', 35),
(352, 'TIABAYA', 35),
(353, 'UCHUMAYO', 35),
(354, 'VITOR', 35),
(355, 'YANAHUARA', 35),
(356, 'YARABAMBA', 35),
(357, 'YURA', 35),
(358, 'JOSE LUIS BUSTAMANTE Y RIVERO', 35),
(359, 'CAMANA', 36),
(360, 'JOSE MARIA QUIMPER', 36),
(361, 'MARIANO NICOLAS VALCARCEL', 36),
(362, 'MARISCAL CACERES', 36),
(363, 'NICOLAS DE PIEROLA', 36),
(364, 'OCOÑA', 36),
(365, 'QUILCA', 36),
(366, 'SAMUEL PASTOR', 36),
(367, 'CARAVELI', 37),
(368, 'ACARI', 37),
(369, 'ATICO', 37),
(370, 'ATIQUIPA', 37),
(371, 'BELLA UNION', 37),
(372, 'CAHUACHO', 37),
(373, 'CHALA', 37),
(374, 'CHAPARRA', 37),
(375, 'HUANUHUANU', 37),
(376, 'JAQUI', 37),
(377, 'LOMAS', 37),
(378, 'QUICACHA', 37),
(379, 'YAUCA', 37),
(380, 'APLAO', 38),
(381, 'ANDAGUA', 38),
(382, 'AYO', 38),
(383, 'CHACHAS', 38),
(384, 'CHILCAYMARCA', 38),
(385, 'CHOCO', 38),
(386, 'HUANCARQUI', 38),
(387, 'MACHAGUAY', 38),
(388, 'ORCOPAMPA', 38),
(389, 'PAMPACOLCA', 38),
(390, 'TIPAN', 38),
(391, 'UÑON', 38),
(392, 'URACA', 38),
(393, 'VIRACO', 38),
(394, 'CHIVAY', 39),
(395, 'ACHOMA', 39),
(396, 'CABANACONDE', 39),
(397, 'CALLALLI', 39),
(398, 'CAYLLOMA', 39),
(399, 'COPORAQUE', 39),
(400, 'HUAMBO', 39),
(401, 'HUANCA', 39),
(402, 'ICHUPAMPA', 39),
(403, 'LARI', 39),
(404, 'LLUTA', 39),
(405, 'MACA', 39),
(406, 'MADRIGAL', 39),
(407, 'SAN ANTONIO DE CHUCA', 39),
(408, 'SIBAYO', 39),
(409, 'TAPAY', 39),
(410, 'TISCO', 39),
(411, 'TUTI', 39),
(412, 'YANQUE', 39),
(413, 'MAJES', 39),
(414, 'CHUQUIBAMBA', 40),
(415, 'ANDARAY', 40),
(416, 'CAYARANI', 40),
(417, 'CHICHAS', 40),
(418, 'IRAY', 40),
(419, 'RIO GRANDE', 40),
(420, 'SALAMANCA', 40),
(421, 'YANAQUIHUA', 40),
(422, 'MOLLENDO', 41),
(423, 'COCACHACRA', 41),
(424, 'DEAN VALDIVIA', 41),
(425, 'ISLAY', 41),
(426, 'MEJIA', 41),
(427, 'PUNTA DE BOMBON', 41),
(428, 'COTAHUASI', 42),
(429, 'ALCA', 42),
(430, 'CHARCANA', 42),
(431, 'HUAYNACOTAS', 42),
(432, 'PAMPAMARCA', 42),
(433, 'PUYCA', 42),
(434, 'QUECHUALLA', 42),
(435, 'SAYLA', 42),
(436, 'TAURIA', 42),
(437, 'TOMEPAMPA', 42),
(438, 'TORO', 42),
(439, 'AYACUCHO', 43),
(440, 'ACOCRO', 43),
(441, 'ACOS VINCHOS', 43),
(442, 'CARMEN ALTO', 43),
(443, 'CHIARA', 43),
(444, 'OCROS', 43),
(445, 'PACAYCASA', 43),
(446, 'QUINUA', 43),
(447, 'SAN JOSE DE TICLLAS', 43),
(448, 'SAN JUAN BAUTISTA', 43),
(449, 'SANTIAGO DE PISCHA', 43),
(450, 'SOCOS', 43),
(451, 'TAMBILLO', 43),
(452, 'VINCHOS', 43),
(453, 'JESUS NAZARENO', 43),
(454, 'CANGALLO', 44),
(455, 'CHUSCHI', 44),
(456, 'LOS MOROCHUCOS', 44),
(457, 'MARIA PARADO DE BELLIDO', 44),
(458, 'PARAS', 44),
(459, 'TOTOS', 44),
(460, 'SANCOS', 45),
(461, 'CARAPO', 45),
(462, 'SACSAMARCA', 45),
(463, 'SANTIAGO DE LUCANAMARCA', 45),
(464, 'HUANTA', 46),
(465, 'AYAHUANCO', 46),
(466, 'HUAMANGUILLA', 46),
(467, 'IGUAIN', 46),
(468, 'LURICOCHA', 46),
(469, 'SANTILLANA', 46),
(470, 'SIVIA', 46),
(471, 'LLOCHEGUA', 46),
(472, 'SAN MIGUEL', 47),
(473, 'ANCO', 47),
(474, 'AYNA', 47),
(475, 'CHILCAS', 47),
(476, 'CHUNGUI', 47),
(477, 'LUIS CARRANZA', 47),
(478, 'SANTA ROSA', 47),
(479, 'TAMBO', 47),
(480, 'PUQUIO', 48),
(481, 'AUCARA', 48),
(482, 'CABANA', 48),
(483, 'CARMEN SALCEDO', 48),
(484, 'CHAVIÑA', 48),
(485, 'CHIPAO', 48),
(486, 'HUAC-HUAS', 48),
(487, 'LARAMATE', 48),
(488, 'LEONCIO PRADO', 48),
(489, 'LLAUTA', 48),
(490, 'LUCANAS', 48),
(491, 'OCAÑA', 48),
(492, 'OTOCA', 48),
(493, 'SAISA', 48),
(494, 'SAN CRISTOBAL', 48),
(495, 'SAN JUAN', 48),
(496, 'SAN PEDRO', 48),
(497, 'SAN PEDRO DE PALCO', 48),
(498, 'SANCOS', 48),
(499, 'SANTA ANA DE HUAYCAHUACHO', 48),
(500, 'SANTA LUCIA', 48),
(501, 'CORACORA', 49),
(502, 'CHUMPI', 49),
(503, 'CORONEL CASTAÑEDA', 49),
(504, 'PACAPAUSA', 49),
(505, 'PULLO', 49),
(506, 'PUYUSCA', 49),
(507, 'SAN FRANCISCO DE RAVACAYCO', 49),
(508, 'UPAHUACHO', 49),
(509, 'PAUSA', 50),
(510, 'COLTA', 50),
(511, 'CORCULLA', 50),
(512, 'LAMPA', 50),
(513, 'MARCABAMBA', 50),
(514, 'OYOLO', 50),
(515, 'PARARCA', 50),
(516, 'SAN JAVIER DE ALPABAMBA', 50),
(517, 'SAN JOSE DE USHUA', 50),
(518, 'SARA SARA', 50),
(519, 'QUEROBAMBA', 51),
(520, 'BELEN', 51),
(521, 'CHALCOS', 51),
(522, 'CHILCAYOC', 51),
(523, 'HUACAÑA', 51),
(524, 'MORCOLLA', 51),
(525, 'PAICO', 51),
(526, 'SAN PEDRO DE LARCAY', 51),
(527, 'SAN SALVADOR DE QUIJE', 51),
(528, 'SANTIAGO DE PAUCARAY', 51),
(529, 'SORAS', 51),
(530, 'HUANCAPI', 52),
(531, 'ALCAMENCA', 52),
(532, 'APONGO', 52),
(533, 'ASQUIPATA', 52),
(534, 'CANARIA', 52),
(535, 'CAYARA', 52),
(536, 'COLCA', 52),
(537, 'HUAMANQUIQUIA', 52),
(538, 'HUANCARAYLLA', 52),
(539, 'HUAYA', 52),
(540, 'SARHUA', 52),
(541, 'VILCANCHOS', 52),
(542, 'VILCAS HUAMAN', 53),
(543, 'ACCOMARCA', 53),
(544, 'CARHUANCA', 53),
(545, 'CONCEPCION', 53),
(546, 'HUAMBALPA', 53),
(547, 'INDEPENDENCIA', 53),
(548, 'SAURAMA', 53),
(549, 'VISCHONGO', 53),
(550, 'CAJAMARCA', 54),
(551, 'CAJAMARCA', 54),
(552, 'ASUNCION', 54),
(553, 'CHETILLA', 54),
(554, 'COSPAN', 54),
(555, 'ENCAÑADA', 54),
(556, 'JESUS', 54),
(557, 'LLACANORA', 54),
(558, 'LOS BAÑOS DEL INCA', 54),
(559, 'MAGDALENA', 54),
(560, 'MATARA', 54),
(561, 'NAMORA', 54),
(562, 'SAN JUAN', 54),
(563, 'CAJABAMBA', 55),
(564, 'CACHACHI', 55),
(565, 'CONDEBAMBA', 55),
(566, 'SITACOCHA', 55),
(567, 'CELENDIN', 56),
(568, 'CHUMUCH', 56),
(569, 'CORTEGANA', 56),
(570, 'HUASMIN', 56),
(571, 'JORGE CHAVEZ', 56),
(572, 'JOSE GALVEZ', 56),
(573, 'MIGUEL IGLESIAS', 56),
(574, 'OXAMARCA', 56),
(575, 'SOROCHUCO', 56),
(576, 'SUCRE', 56),
(577, 'UTCO', 56),
(578, 'LA LIBERTAD DE PALLAN', 56),
(579, 'CHOTA', 57),
(580, 'ANGUIA', 57),
(581, 'CHADIN', 57),
(582, 'CHIGUIRIP', 57),
(583, 'CHIMBAN', 57),
(584, 'CHOROPAMPA', 57),
(585, 'COCHABAMBA', 57),
(586, 'CONCHAN', 57),
(587, 'HUAMBOS', 57),
(588, 'LAJAS', 57),
(589, 'LLAMA', 57),
(590, 'MIRACOSTA', 57),
(591, 'PACCHA', 57),
(592, 'PION', 57),
(593, 'QUEROCOTO', 57),
(594, 'SAN JUAN DE LICUPIS', 57),
(595, 'TACABAMBA', 57),
(596, 'TOCMOCHE', 57),
(597, 'CHALAMARCA', 57),
(598, 'CONTUMAZA', 58),
(599, 'CHILETE', 58),
(600, 'CUPISNIQUE', 58),
(601, 'GUZMANGO', 58),
(602, 'SAN BENITO', 58),
(603, 'SANTA CRUZ DE TOLED', 58),
(604, 'TANTARICA', 58),
(605, 'YONAN', 58),
(606, 'CUTERVO', 59),
(607, 'CALLAYUC', 59),
(608, 'CHOROS', 59),
(609, 'CUJILLO', 59),
(610, 'LA RAMADA', 59),
(611, 'PIMPINGOS', 59),
(612, 'QUEROCOTILLO', 59),
(613, 'SAN ANDRES DE CUTERVO', 59),
(614, 'SAN JUAN DE CUTERVO', 59),
(615, 'SAN LUIS DE LUCMA', 59),
(616, 'SANTA CRUZ', 59),
(617, 'SANTO DOMINGO DE LA CAPILLA', 59),
(618, 'SANTO TOMAS', 59),
(619, 'SOCOTA', 59),
(620, 'TORIBIO CASANOVA', 59),
(621, 'BAMBAMARCA', 60),
(622, 'CHUGUR', 60),
(623, 'HUALGAYOC', 60),
(624, 'JAEN', 61),
(625, 'BELLAVISTA', 61),
(626, 'CHONTALI', 61),
(627, 'COLASAY', 61),
(628, 'HUABAL', 61),
(629, 'LAS PIRIAS', 61),
(630, 'POMAHUACA', 61),
(631, 'PUCARA', 61),
(632, 'SALLIQUE', 61),
(633, 'SAN FELIPE', 61),
(634, 'SAN JOSE DEL ALTO', 61),
(635, 'SANTA ROSA', 61),
(636, 'SAN IGNACIO', 62),
(637, 'CHIRINOS', 62),
(638, 'HUARANGO', 62),
(639, 'LA COIPA', 62),
(640, 'NAMBALLE', 62),
(641, 'SAN JOSE DE LOURDES', 62),
(642, 'TABACONAS', 62),
(643, 'PEDRO GALVEZ', 63),
(644, 'CHANCAY', 63),
(645, 'EDUARDO VILLANUEVA', 63),
(646, 'GREGORIO PITA', 63),
(647, 'ICHOCAN', 63),
(648, 'JOSE MANUEL QUIROZ', 63),
(649, 'JOSE SABOGAL', 63),
(650, 'SAN MIGUEL', 64),
(651, 'SAN MIGUEL', 64),
(652, 'BOLIVAR', 64),
(653, 'CALQUIS', 64),
(654, 'CATILLUC', 64),
(655, 'EL PRADO', 64),
(656, 'LA FLORIDA', 64),
(657, 'LLAPA', 64),
(658, 'NANCHOC', 64),
(659, 'NIEPOS', 64),
(660, 'SAN GREGORIO', 64),
(661, 'SAN SILVESTRE DE COCHAN', 64),
(662, 'TONGOD', 64),
(663, 'UNION AGUA BLANCA', 64),
(664, 'SAN PABLO', 65),
(665, 'SAN BERNARDINO', 65),
(666, 'SAN LUIS', 65),
(667, 'TUMBADEN', 65),
(668, 'SANTA CRUZ', 66),
(669, 'ANDABAMBA', 66),
(670, 'CATACHE', 66),
(671, 'CHANCAYBAÑOS', 66),
(672, 'LA ESPERANZA', 66),
(673, 'NINABAMBA', 66),
(674, 'PULAN', 66),
(675, 'SAUCEPAMPA', 66),
(676, 'SEXI', 66),
(677, 'UTICYACU', 66),
(678, 'YAUYUCAN', 66),
(679, 'CALLAO', 67),
(680, 'BELLAVISTA', 67),
(681, 'CARMEN DE LA LEGUA REYNOSO', 67),
(682, 'LA PERLA', 67),
(683, 'LA PUNTA', 67),
(684, 'VENTANILLA', 67),
(685, 'CUSCO', 67),
(686, 'CCORCA', 67),
(687, 'POROY', 67),
(688, 'SAN JERONIMO', 67),
(689, 'SAN SEBASTIAN', 67),
(690, 'SANTIAGO', 67),
(691, 'SAYLLA', 67),
(692, 'WANCHAQ', 67),
(693, 'ACOMAYO', 68),
(694, 'ACOPIA', 68),
(695, 'ACOS', 68),
(696, 'MOSOC LLACTA', 68),
(697, 'POMACANCHI', 68),
(698, 'RONDOCAN', 68),
(699, 'SANGARARA', 68),
(700, 'ANTA', 69),
(701, 'ANCAHUASI', 69),
(702, 'CACHIMAYO', 69),
(703, 'CHINCHAYPUJIO', 69),
(704, 'HUAROCONDO', 69),
(705, 'LIMATAMBO', 69),
(706, 'MOLLEPATA', 69),
(707, 'PUCYURA', 69),
(708, 'ZURITE', 69),
(709, 'CALCA', 70),
(710, 'COYA', 70),
(711, 'LAMAY', 70),
(712, 'LARES', 70),
(713, 'PISAC', 70),
(714, 'SAN SALVADOR', 70),
(715, 'TARAY', 70),
(716, 'YANATILE', 70),
(717, 'YANAOCA', 71),
(718, 'CHECCA', 71),
(719, 'KUNTURKANKI', 71),
(720, 'LANGUI', 71),
(721, 'LAYO', 71),
(722, 'PAMPAMARCA', 71),
(723, 'QUEHUE', 71),
(724, 'TUPAC AMARU', 71),
(725, 'SICUANI', 72),
(726, 'CHECACUPE', 72),
(727, 'COMBAPATA', 72),
(728, 'MARANGANI', 72),
(729, 'PITUMARCA', 72),
(730, 'SAN PABLO', 72),
(731, 'SAN PEDRO', 72),
(732, 'TINTA', 72),
(733, 'SANTO TOMAS', 73),
(734, 'CAPACMARCA', 73),
(735, 'CHAMACA', 73),
(736, 'COLQUEMARCA', 73),
(737, 'LIVITACA', 73),
(738, 'LLUSCO', 73),
(739, 'QUIÑOTA', 73),
(740, 'VELILLE', 73),
(741, 'ESPINAR', 74),
(742, 'CONDOROMA', 74),
(743, 'COPORAQUE', 74),
(744, 'OCORURO', 74),
(745, 'PALLPATA', 74),
(746, 'PICHIGUA', 74),
(747, 'SUYCKUTAMBO', 74),
(748, 'ALTO PICHIGUA', 74),
(749, 'SANTA ANA', 75),
(750, 'ECHARATE', 75),
(751, 'HUAYOPATA', 75),
(752, 'MARANURA', 75),
(753, 'OCOBAMBA', 75),
(754, 'QUELLOUNO', 75),
(755, 'KIMBIRI', 75),
(756, 'SANTA TERESA', 75),
(757, 'VILCABAMBA', 75),
(758, 'PICHARI', 75),
(759, 'PARURO', 76),
(760, 'ACCHA', 76),
(761, 'CCAPI', 76),
(762, 'COLCHA', 76),
(763, 'HUANOQUITE', 76),
(764, 'OMACHA', 76),
(765, 'PACCARITAMBO', 76),
(766, 'PILLPINTO', 76),
(767, 'YAURISQUE', 76),
(768, 'PAUCARTAMBO', 77),
(769, 'CAICAY', 77),
(770, 'CHALLABAMBA', 77),
(771, 'COLQUEPATA', 77),
(772, 'HUANCARANI', 77),
(773, 'KOSÑIPATA', 77),
(774, 'URCOS', 78),
(775, 'ANDAHUAYLILLAS', 78),
(776, 'CAMANTI', 78),
(777, 'CCARHUAYO', 78),
(778, 'CCATCA', 78),
(779, 'CUSIPATA', 78),
(780, 'HUARO', 78),
(781, 'LUCRE', 78),
(782, 'MARCAPATA', 78),
(783, 'OCONGATE', 78),
(784, 'OROPESA', 78),
(785, 'QUIQUIJANA', 78),
(786, 'URUBAMBA', 79),
(787, 'CHINCHERO', 79),
(788, 'HUAYLLABAMBA', 79),
(789, 'MACHUPICCHU', 79),
(790, 'MARAS', 79),
(791, 'OLLANTAYTAMBO', 79),
(792, 'YUCAY', 79),
(793, 'HUANCAVELICA', 80),
(794, 'ACOBAMBILLA', 80),
(795, 'ACORIA', 80),
(796, 'CONAYCA', 80),
(797, 'CUENCA', 80),
(798, 'HUACHOCOLPA', 80),
(799, 'HUAYLLAHUARA', 80),
(800, 'IZCUCHACA', 80),
(801, 'LARIA', 80),
(802, 'MANTA', 80),
(803, 'MARISCAL CACERES', 80),
(804, 'MOYA', 80),
(805, 'NUEVO OCCORO', 80),
(806, 'PALCA', 80),
(807, 'PILCHACA', 80),
(808, 'VILCA', 80),
(809, 'YAULI', 80),
(810, 'ASCENSION', 80),
(811, 'HUANDO', 80),
(812, 'ACOBAMBA', 81),
(813, 'ANDABAMBA', 81),
(814, 'ANTA', 81),
(815, 'CAJA', 81),
(816, 'MARCAS', 81),
(817, 'PAUCARA', 81),
(818, 'POMACOCHA', 81),
(819, 'ROSARIO', 81),
(820, 'LIRCAY', 82),
(821, 'ANCHONGA', 82),
(822, 'CALLANMARCA', 82),
(823, 'CCOCHACCASA', 82),
(824, 'CHINCHO', 82),
(825, 'CONGALLA', 82),
(826, 'HUANCA-HUANCA', 82),
(827, 'HUAYLLAY GRANDE', 82),
(828, 'JULCAMARCA', 82),
(829, 'SAN ANTONIO DE ANTAPARCO', 82),
(830, 'SANTO TOMAS DE PATA', 82),
(831, 'SECCLLA', 82),
(832, 'CASTROVIRREYNA', 83),
(833, 'ARMA', 83),
(834, 'AURAHUA', 83),
(835, 'CAPILLAS', 83),
(836, 'CHUPAMARCA', 83),
(837, 'COCAS', 83),
(838, 'HUACHOS', 83),
(839, 'HUAMATAMBO', 83),
(840, 'MOLLEPAMPA', 83),
(841, 'SAN JUAN', 83),
(842, 'SANTA ANA', 83),
(843, 'TANTARA', 83),
(844, 'TICRAPO', 83),
(845, 'CHURCAMPA', 84),
(846, 'ANCO', 84),
(847, 'CHINCHIHUASI', 84),
(848, 'EL CARMEN', 84),
(849, 'LA MERCED', 84),
(850, 'LOCROJA', 84),
(851, 'PAUCARBAMBA', 84),
(852, 'SAN MIGUEL DE MAYOCC', 84),
(853, 'SAN PEDRO DE CORIS', 84),
(854, 'PACHAMARCA', 84),
(855, 'HUAYTARA', 85),
(856, 'AYAVI', 85),
(857, 'CORDOVA', 85),
(858, 'HUAYACUNDO ARMA', 85),
(859, 'LARAMARCA', 85),
(860, 'OCOYO', 85),
(861, 'PILPICHACA', 85),
(862, 'QUERCO', 85),
(863, 'QUITO-ARMA', 85),
(864, 'SAN ANTONIO DE CUSICANCHA', 85),
(865, 'SAN FRANCISCO DE SANGAYAICO', 85),
(866, 'SAN ISIDRO', 85),
(867, 'SANTIAGO DE CHOCORVOS', 85),
(868, 'SANTIAGO DE QUIRAHUARA', 85),
(869, 'SANTO DOMINGO DE CAPILLAS', 85),
(870, 'TAMBO', 85),
(871, 'PAMPAS', 86),
(872, 'ACOSTAMBO', 86),
(873, 'ACRAQUIA', 86),
(874, 'AHUAYCHA', 86),
(875, 'COLCABAMBA', 86),
(876, 'DANIEL HERNANDEZ', 86),
(877, 'HUACHOCOLPA', 86),
(878, 'HUARIBAMBA', 86),
(879, 'ÑAHUIMPUQUIO', 86),
(880, 'PAZOS', 86),
(881, 'QUISHUAR', 86),
(882, 'SALCABAMBA', 86),
(883, 'SALCAHUASI', 86),
(884, 'SAN MARCOS DE ROCCHAC', 86),
(885, 'SURCUBAMBA', 86),
(886, 'TINTAY PUNCU', 86),
(887, 'HUANUCO', 87),
(888, 'AMARILIS', 87),
(889, 'CHINCHAO', 87),
(890, 'CHURUBAMBA', 87),
(891, 'MARGOS', 87),
(892, 'QUISQUI', 87),
(893, 'SAN FRANCISCO DE CAYRAN', 87),
(894, 'SAN PEDRO DE CHAULAN', 87),
(895, 'SANTA MARIA DEL VALLE', 87),
(896, 'YARUMAYO', 87),
(897, 'PILLCO MARCA', 87),
(898, 'AMBO', 88),
(899, 'CAYNA', 88),
(900, 'COLPAS', 88),
(901, 'CONCHAMARCA', 88),
(902, 'HUACAR', 88),
(903, 'SAN FRANCISCO', 88),
(904, 'SAN RAFAEL', 88),
(905, 'TOMAY KICHWA', 88),
(906, 'LA UNION', 89),
(907, 'CHUQUIS', 89),
(908, 'MARIAS', 89),
(909, 'PACHAS', 89),
(910, 'QUIVILLA', 89),
(911, 'RIPAN', 89),
(912, 'SHUNQUI', 89),
(913, 'SILLAPATA', 89),
(914, 'YANAS', 89),
(915, 'HUACAYBAMBA', 90),
(916, 'CANCHABAMBA', 90),
(917, 'COCHABAMBA', 90),
(918, 'PINRA', 90),
(919, 'LLATA', 91),
(920, 'ARANCAY', 91),
(921, 'CHAVIN DE PARIARCA', 91),
(922, 'JACAS GRANDE', 91),
(923, 'JIRCAN', 91),
(924, 'MIRAFLORES', 91),
(925, 'MONZON', 91),
(926, 'PUNCHAO', 91),
(927, 'PUÑOS', 91),
(928, 'SINGA', 91),
(929, 'TANTAMAYO', 91),
(930, 'RUPA-RUPA', 92),
(931, 'DANIEL ALOMIA ROBLES', 92),
(932, 'HERMILIO VALDIZAN', 92),
(933, 'JOSE CRESPO Y CASTILLO', 92),
(934, 'LUYANDO', 92),
(935, 'MARIANO DAMASO BERAUN', 92),
(936, 'HUACRACHUCO', 93),
(937, 'CHOLON', 93),
(938, 'SAN BUENAVENTURA', 93),
(939, 'PANAO', 94),
(940, 'CHAGLLA', 94),
(941, 'MOLINO', 94),
(942, 'UMARI', 94),
(943, 'PUERTO INCA', 95),
(944, 'CODO DEL POZUZO', 95),
(945, 'HONORIA', 95),
(946, 'TOURNAVISTA', 95),
(947, 'YUYAPICHIS', 95),
(948, 'JESUS', 96),
(949, 'BAÑOS', 96),
(950, 'JIVIA', 96),
(951, 'QUEROPALCA', 96),
(952, 'RONDOS', 96),
(953, 'SAN FRANCISCO DE ASIS', 96),
(954, 'SAN MIGUEL DE CAURI', 96),
(955, 'CHAVINILLO', 97),
(956, 'CAHUAC', 97),
(957, 'CHACABAMBA', 97),
(958, 'APARICIO POMARES', 97),
(959, 'JACAS CHICO', 97),
(960, 'OBAS', 97),
(961, 'PAMPAMARCA', 97),
(962, 'CHORAS', 97),
(963, 'ICA', 98),
(964, 'LA TINGUIÑA', 98),
(965, 'LOS AQUIJES', 98),
(966, 'OCUCAJE', 98),
(967, 'PACHACUTEC', 98),
(968, 'PARCONA', 98),
(969, 'PUEBLO NUEVO', 98),
(970, 'SALAS', 98),
(971, 'SAN JOSE DE LOS MOLINOS', 98),
(972, 'SAN JUAN BAUTISTA', 98),
(973, 'SANTIAGO', 98),
(974, 'SUBTANJALLA', 98),
(975, 'TATE', 98),
(976, 'YAUCA DEL ROSARIO', 98),
(977, 'CHINCHA ALTA', 99),
(978, 'ALTO LARAN', 99),
(979, 'CHAVIN', 99),
(980, 'CHINCHA BAJA', 99),
(981, 'EL CARMEN', 99),
(982, 'GROCIO PRADO', 99),
(983, 'PUEBLO NUEVO', 99),
(984, 'SAN JUAN DE YANAC', 99),
(985, 'SAN PEDRO DE HUACARPANA', 99),
(986, 'SUNAMPE', 99),
(987, 'TAMBO DE MORA', 99),
(988, 'NAZCA', 100),
(989, 'CHANGUILLO', 100),
(990, 'EL INGENIO', 100),
(991, 'MARCONA', 100),
(992, 'VISTA ALEGRE', 100),
(993, 'PALPA', 101),
(994, 'LLIPATA', 101),
(995, 'RIO GRANDE', 101),
(996, 'SANTA CRUZ', 101),
(997, 'TIBILLO', 101),
(998, 'PISCO', 102),
(999, 'HUANCANO', 102),
(1000, 'HUMAY', 102),
(1001, 'INDEPENDENCIA', 102),
(1002, 'PARACAS', 102),
(1003, 'SAN ANDRES', 102),
(1004, 'SAN CLEMENTE', 102),
(1005, 'TUPAC AMARU INCA', 102),
(1006, 'HUANCAYO', 103),
(1007, 'CARHUACALLANGA', 103),
(1008, 'CHACAPAMPA', 103),
(1009, 'CHICCHE', 103),
(1010, 'CHILCA', 103),
(1011, 'CHONGOS ALTO', 103),
(1012, 'CHUPURO', 103),
(1013, 'COLCA', 103),
(1014, 'CULLHUAS', 103),
(1015, 'EL TAMBO', 103),
(1016, 'HUACRAPUQUIO', 103),
(1017, 'HUALHUAS', 103),
(1018, 'HUANCAN', 103),
(1019, 'HUASICANCHA', 103),
(1020, 'HUAYUCACHI', 103),
(1021, 'INGENIO', 103),
(1022, 'PARIAHUANCA', 103),
(1023, 'PILCOMAYO', 103),
(1024, 'PUCARA', 103),
(1025, 'QUICHUAY', 103),
(1026, 'QUILCAS', 103),
(1027, 'SAN AGUSTIN', 103),
(1028, 'SAN JERONIMO DE TUNAN', 103),
(1029, 'SAÑO', 103),
(1030, 'SAPALLANGA', 103),
(1031, 'SICAYA', 103),
(1032, 'SANTO DOMINGO DE ACOBAMBA', 103),
(1033, 'VIQUES', 103),
(1034, 'CONCEPCION', 104),
(1035, 'ACO', 104),
(1036, 'ANDAMARCA', 104),
(1037, 'CHAMBARA', 104),
(1038, 'COCHAS', 104),
(1039, 'COMAS', 104),
(1040, 'HEROINAS TOLEDO', 104),
(1041, 'MANZANARES', 104),
(1042, 'MARISCAL CASTILLA', 104),
(1043, 'MATAHUASI', 104),
(1044, 'MITO', 104),
(1045, 'NUEVE DE JULIO', 104),
(1046, 'ORCOTUNA', 104),
(1047, 'SAN JOSE DE QUERO', 104),
(1048, 'SANTA ROSA DE OCOPA', 104),
(1049, 'CHANCHAMAYO', 105),
(1050, 'PERENE', 105),
(1051, 'PICHANAQUI', 105),
(1052, 'SAN LUIS DE SHUARO', 105),
(1053, 'SAN RAMON', 105),
(1054, 'VITOC', 105),
(1055, 'JAUJA', 106),
(1056, 'ACOLLA', 106),
(1057, 'APATA', 106),
(1058, 'ATAURA', 106),
(1059, 'CANCHAYLLO', 106),
(1060, 'CURICACA', 106),
(1061, 'EL MANTARO', 106),
(1062, 'HUAMALI', 106),
(1063, 'HUARIPAMPA', 106),
(1064, 'HUERTAS', 106),
(1065, 'JANJAILLO', 106),
(1066, 'JULCAN', 106),
(1067, 'LEONOR ORDOÑEZ', 106),
(1068, 'LLOCLLAPAMPA', 106),
(1069, 'MARCO', 106),
(1070, 'MASMA', 106),
(1071, 'MASMA CHICCHE', 106),
(1072, 'MOLINOS', 106),
(1073, 'MONOBAMBA', 106),
(1074, 'MUQUI', 106),
(1075, 'MUQUIYAUYO', 106),
(1076, 'PACA', 106),
(1077, 'PACCHA', 106),
(1078, 'PANCAN', 106),
(1079, 'PARCO', 106),
(1080, 'POMACANCHA', 106),
(1081, 'RICRAN', 106),
(1082, 'SAN LORENZO', 106),
(1083, 'SAN PEDRO DE CHUNAN', 106),
(1084, 'SAUSA', 106),
(1085, 'SINCOS', 106),
(1086, 'TUNAN MARCA', 106),
(1087, 'YAULI', 106),
(1088, 'YAUYOS', 106),
(1089, 'JUNIN', 107),
(1090, 'CARHUAMAYO', 107),
(1091, 'ONDORES', 107),
(1092, 'ULCUMAYO', 107),
(1093, 'SATIPO', 108),
(1094, 'COVIRIALI', 108),
(1095, 'LLAYLLA', 108),
(1096, 'MAZAMARI', 108),
(1097, 'PAMPA HERMOSA', 108),
(1098, 'PANGOA', 108),
(1099, 'RIO NEGRO', 108),
(1100, 'RIO TAMBO', 108),
(1101, 'TARMA', 109),
(1102, 'ACOBAMBA', 109),
(1103, 'HUARICOLCA', 109),
(1104, 'HUASAHUASI', 109),
(1105, 'LA UNION', 109),
(1106, 'PALCA', 109),
(1107, 'PALCAMAYO', 109),
(1108, 'SAN PEDRO DE CAJAS', 109),
(1109, 'TAPO', 109),
(1110, 'LA OROYA', 110),
(1111, 'CHACAPALPA', 110),
(1112, 'HUAY-HUAY', 110),
(1113, 'MARCAPOMACOCHA', 110),
(1114, 'MOROCOCHA', 110),
(1115, 'PACCHA', 110),
(1116, 'SANTA BARBARA DE CARHUACAYAN', 110),
(1117, 'SANTA ROSA DE SACCO', 110),
(1118, 'SUITUCANCHA', 110),
(1119, 'YAULI', 110),
(1120, 'CHUPACA', 111),
(1121, 'AHUAC', 111),
(1122, 'CHONGOS BAJO', 111),
(1123, 'HUACHAC', 111),
(1124, 'HUAMANCACA CHICO', 111),
(1125, 'SAN JUAN DE ISCOS', 111),
(1126, 'SAN JUAN DE JARPA', 111),
(1127, 'TRES DE DICIEMBRE', 111),
(1128, 'YANACANCHA', 111),
(1129, 'TRUJILLO', 112),
(1130, 'EL PORVENIR', 112),
(1131, 'FLORENCIA DE MORA', 112),
(1132, 'HUANCHACO', 112),
(1133, 'LA ESPERANZA', 112),
(1134, 'LAREDO', 112),
(1135, 'MOCHE', 112),
(1136, 'POROTO', 112),
(1137, 'SALAVERRY', 112),
(1138, 'SIMBAL', 112),
(1139, 'VICTOR LARCO HERRERA', 112),
(1140, 'ASCOPE', 113),
(1141, 'CHICAMA', 113),
(1142, 'CHOCOPE', 113),
(1143, 'MAGDALENA DE CAO', 113),
(1144, 'PAIJAN', 113),
(1145, 'RAZURI', 113),
(1146, 'SANTIAGO DE CAO', 113),
(1147, 'CASA GRANDE', 113),
(1148, 'BOLIVAR', 114),
(1149, 'BAMBAMARCA', 114),
(1150, 'CONDORMARCA', 114),
(1151, 'LONGOTEA', 114),
(1152, 'UCHUMARCA', 114),
(1153, 'UCUNCHA', 114),
(1154, 'CHEPEN', 115),
(1155, 'PACANGA', 115),
(1156, 'PUEBLO NUEVO', 115),
(1157, 'JULCAN', 116),
(1158, 'CALAMARCA', 116),
(1159, 'CARABAMBA', 116),
(1160, 'HUASO', 116),
(1161, 'OTUZCO', 117),
(1162, 'AGALLPAMPA', 117),
(1163, 'CHARAT', 117),
(1164, 'HUARANCHAL', 117),
(1165, 'LA CUESTA', 117),
(1166, 'MACHE', 117),
(1167, 'PARANDAY', 117),
(1168, 'SALPO', 117),
(1169, 'SINSICAP', 117),
(1170, 'USQUIL', 117),
(1171, 'SAN PEDRO DE LLOC', 118),
(1172, 'GUADALUPE', 118),
(1173, 'JEQUETEPEQUE', 118),
(1174, 'PACASMAYO', 118),
(1175, 'SAN JOSE', 118),
(1176, 'TAYABAMBA', 119),
(1177, 'BULDIBUYO', 119),
(1178, 'CHILLIA', 119),
(1179, 'HUANCASPATA', 119),
(1180, 'HUAYLILLAS', 119),
(1181, 'HUAYO', 119),
(1182, 'ONGON', 119),
(1183, 'PARCOY', 119),
(1184, 'PATAZ', 119),
(1185, 'PIAS', 119),
(1186, 'SANTIAGO DE CHALLAS', 119),
(1187, 'TAURIJA', 119),
(1188, 'URPAY', 119),
(1189, 'HUAMACHUCO', 120),
(1190, 'CHUGAY', 120),
(1191, 'COCHORCO', 120),
(1192, 'CURGOS', 120),
(1193, 'MARCABAL', 120),
(1194, 'SANAGORAN', 120),
(1195, 'SARIN', 120),
(1196, 'SARTIMBAMBA', 120),
(1197, 'SANTIAGO DE CHUCO', 121),
(1198, 'ANGASMARCA', 121),
(1199, 'CACHICADAN', 121),
(1200, 'MOLLEBAMBA', 121),
(1201, 'MOLLEPATA', 121),
(1202, 'QUIRUVILCA', 121),
(1203, 'SANTA CRUZ DE CHUCA', 121),
(1204, 'SITABAMBA', 121),
(1205, 'GRAN CHIMU', 122),
(1206, 'CASCAS', 122),
(1207, 'LUCMA', 122),
(1208, 'MARMOT', 122),
(1209, 'SAYAPULLO', 122),
(1210, 'VIRU', 123),
(1211, 'CHAO', 123),
(1212, 'GUADALUPITO', 123),
(1213, 'CHICLAYO', 124),
(1214, 'CHONGOYAPE', 124),
(1215, 'ETEN', 124),
(1216, 'ETEN PUERTO', 124),
(1217, 'JOSE LEONARDO ORTIZ', 124),
(1218, 'LA VICTORIA', 124),
(1219, 'LAGUNAS', 124),
(1220, 'MONSEFU', 124),
(1221, 'NUEVA ARICA', 124),
(1222, 'OYOTUN', 124),
(1223, 'PICSI', 124),
(1224, 'PIMENTEL', 124),
(1225, 'REQUE', 124),
(1226, 'SANTA ROSA', 124),
(1227, 'SAÑA', 124),
(1228, 'CAYALTI', 124),
(1229, 'PATAPO', 124),
(1230, 'POMALCA', 124),
(1231, 'PUCALA', 124),
(1232, 'TUMAN', 124),
(1233, 'FERREÑAFE', 125),
(1234, 'CAÑARIS', 125),
(1235, 'INCAHUASI', 125),
(1236, 'MANUEL ANTONIO MESONES MURO', 125),
(1237, 'PITIPO', 125),
(1238, 'PUEBLO NUEVO', 125),
(1239, 'LAMBAYEQUE', 126),
(1240, 'CHOCHOPE', 126),
(1241, 'ILLIMO', 126),
(1242, 'JAYANCA', 126),
(1243, 'MOCHUMI', 126),
(1244, 'MORROPE', 126),
(1245, 'MOTUPE', 126),
(1246, 'OLMOS', 126),
(1247, 'PACORA', 126),
(1248, 'SALAS', 126),
(1249, 'SAN JOSE', 126),
(1250, 'TUCUME', 126),
(1251, 'LIMA', 127),
(1252, 'ANCON', 127),
(1253, 'ATE', 127),
(1254, 'BARRANCO', 127),
(1255, 'BREÑA', 127),
(1256, 'CARABAYLLO', 127),
(1257, 'CHACLACAYO', 127),
(1258, 'CHORRILLOS', 127),
(1259, 'CIENEGUILLA', 127),
(1260, 'COMAS', 127),
(1261, 'EL AGUSTINO', 127),
(1262, 'INDEPENDENCIA', 127),
(1263, 'JESUS MARIA', 127),
(1264, 'LA MOLINA', 127),
(1265, 'LA VICTORIA', 127),
(1266, 'LINCE', 127),
(1267, 'LOS OLIVOS', 127),
(1268, 'LURIGANCHO', 127),
(1269, 'LURIN', 127),
(1270, 'MAGDALENA DEL MAR', 127),
(1271, 'MAGDALENA VIEJA', 127),
(1272, 'MIRAFLORES', 127),
(1273, 'PACHACAMAC', 127),
(1274, 'PUCUSANA', 127),
(1275, 'PUENTE PIEDRA', 127),
(1276, 'PUNTA HERMOSA', 127),
(1277, 'PUNTA NEGRA', 127),
(1278, 'RIMAC', 127),
(1279, 'SAN BARTOLO', 127),
(1280, 'SAN BORJA', 127),
(1281, 'SAN ISIDRO', 127),
(1282, 'SAN JUAN DE LURIGANCHO', 127),
(1283, 'SAN JUAN DE MIRAFLORES', 127),
(1284, 'SAN LUIS', 127),
(1285, 'SAN MARTIN DE PORRES', 127),
(1286, 'SAN MIGUEL', 127),
(1287, 'SANTA ANITA', 127),
(1288, 'SANTA MARIA DEL MAR', 127),
(1289, 'SANTA ROSA', 127),
(1290, 'SANTIAGO DE SURCO', 127),
(1291, 'SURQUILLO', 127),
(1292, 'VILLA EL SALVADOR', 127),
(1293, 'VILLA MARIA DEL TRIUNFO', 127),
(1294, 'BARRANCA', 128),
(1295, 'PARAMONGA', 128),
(1296, 'PATIVILCA', 128),
(1297, 'SUPE', 128),
(1298, 'SUPE PUERTO', 128),
(1299, 'CAJATAMBO', 129),
(1300, 'COPA', 129),
(1301, 'GORGOR', 129),
(1302, 'HUANCAPON', 129),
(1303, 'MANAS', 129),
(1304, 'CANTA', 130),
(1305, 'ARAHUAY', 130),
(1306, 'HUAMANTANGA', 130),
(1307, 'HUAROS', 130),
(1308, 'LACHAQUI', 130),
(1309, 'SAN BUENAVENTURA', 130),
(1310, 'SANTA ROSA DE QUIVES', 130),
(1311, 'SAN VICENTE DE CAÑETE', 131),
(1312, 'ASIA', 131),
(1313, 'CALANGO', 131),
(1314, 'CERRO AZUL', 131),
(1315, 'CHILCA', 131),
(1316, 'COAYLLO', 131),
(1317, 'IMPERIAL', 131),
(1318, 'LUNAHUANA', 131),
(1319, 'MALA', 131),
(1320, 'NUEVO IMPERIAL', 131),
(1321, 'PACARAN', 131),
(1322, 'QUILMANA', 131),
(1323, 'SAN ANTONIO', 131),
(1324, 'SAN LUIS', 131),
(1325, 'SANTA CRUZ DE FLORES', 131),
(1326, 'ZUÑIGA', 131),
(1327, 'HUARAL', 132),
(1328, 'ATAVILLOS ALTO', 132),
(1329, 'ATAVILLOS BAJO', 132),
(1330, 'AUCALLAMA', 132),
(1331, 'CHANCAY', 132),
(1332, 'IHUARI', 132),
(1333, 'LAMPIAN', 132),
(1334, 'PACARAOS', 132),
(1335, 'SAN MIGUEL DE ACOS', 132),
(1336, 'SANTA CRUZ DE ANDAMARCA', 132),
(1337, 'SUMBILCA', 132),
(1338, 'VEINTISIETE DE NOVIEMBRE', 132),
(1339, 'MATUCANA', 133),
(1340, 'ANTIOQUIA', 133),
(1341, 'CALLAHUANCA', 133),
(1342, 'CARAMPOMA', 133),
(1343, 'CHICLA', 133),
(1344, 'CUENCA', 133),
(1345, 'HUACHUPAMPA', 133),
(1346, 'HUANZA', 133),
(1347, 'HUAROCHIRI', 133),
(1348, 'LAHUAYTAMBO', 133),
(1349, 'LANGA', 133),
(1350, 'LARAOS', 133),
(1351, 'MARIATANA', 133),
(1352, 'RICARDO PALMA', 133),
(1353, 'SAN ANDRES DE TUPICOCHA', 133),
(1354, 'SAN ANTONIO', 133),
(1355, 'SAN BARTOLOME', 133),
(1356, 'SAN DAMIAN', 133),
(1357, 'SAN JUAN DE IRIS', 133),
(1358, 'SAN JUAN DE TANTARANCHE', 133),
(1359, 'SAN LORENZO DE QUINTI', 133),
(1360, 'SAN MATEO', 133),
(1361, 'SAN MATEO DE OTAO', 133),
(1362, 'SAN PEDRO DE CASTA', 133),
(1363, 'SAN PEDRO DE HUANCAYRE', 133),
(1364, 'SANGALLAYA', 133),
(1365, 'SANTA CRUZ DE COCACHACRA', 133),
(1366, 'SANTA EULALIA', 133),
(1367, 'SANTIAGO DE ANCHUCAYA', 133),
(1368, 'SANTIAGO DE TUNA', 133),
(1369, 'SANTO DOMINGO DE LOS OLLEROS', 133),
(1370, 'SURCO', 133),
(1371, 'HUACHO', 134),
(1372, 'AMBAR', 134),
(1373, 'CALETA DE CARQUIN', 134),
(1374, 'CHECRAS', 134),
(1375, 'HUALMAY', 134),
(1376, 'HUAURA', 134),
(1377, 'LEONCIO PRADO', 134),
(1378, 'PACCHO', 134),
(1379, 'SANTA LEONOR', 134),
(1380, 'SANTA MARIA', 134),
(1381, 'SAYAN', 134),
(1382, 'VEGUETA', 134),
(1383, 'OYON', 135),
(1384, 'ANDAJES', 135),
(1385, 'CAUJUL', 135),
(1386, 'COCHAMARCA', 135),
(1387, 'NAVAN', 135),
(1388, 'PACHANGARA', 135),
(1389, 'YAUYOS', 136),
(1390, 'ALIS', 136),
(1391, 'AYAUCA', 136),
(1392, 'AYAVIRI', 136),
(1393, 'AZANGARO', 136),
(1394, 'CACRA', 136),
(1395, 'CARANIA', 136),
(1396, 'CATAHUASI', 136),
(1397, 'CHOCOS', 136),
(1398, 'COCHAS', 136),
(1399, 'COLONIA', 136),
(1400, 'HONGOS', 136),
(1401, 'HUAMPARA', 136),
(1402, 'HUANCAYA', 136),
(1403, 'HUANGASCAR', 136),
(1404, 'HUANTAN', 136),
(1405, 'HUAÑEC', 136),
(1406, 'LARAOS', 136),
(1407, 'LINCHA', 136),
(1408, 'MADEAN', 136),
(1409, 'MIRAFLORES', 136),
(1410, 'OMAS', 136),
(1411, 'PUTINZA', 136),
(1412, 'QUINCHES', 136),
(1413, 'QUINOCAY', 136),
(1414, 'SAN JOAQUIN', 136),
(1415, 'SAN PEDRO DE PILAS', 136),
(1416, 'TANTA', 136),
(1417, 'TAURIPAMPA', 136),
(1418, 'TOMAS', 136),
(1419, 'TUPE', 136),
(1420, 'VIÑAC', 136),
(1421, 'VITIS', 136),
(1422, 'IQUITOS', 137),
(1423, 'ALTO NANAY', 137),
(1424, 'FERNANDO LORES', 137),
(1425, 'INDIANA', 137),
(1426, 'LAS AMAZONAS', 137),
(1427, 'MAZAN', 137),
(1428, 'NAPO', 137),
(1429, 'PUNCHANA', 137),
(1430, 'PUTUMAYO', 137),
(1431, 'TORRES CAUSANA', 137),
(1432, 'BELEN', 137),
(1433, 'SAN JUAN BAUTISTA', 137),
(1434, 'YURIMAGUAS', 138),
(1435, 'BALSAPUERTO', 138),
(1436, 'BARRANCA', 138),
(1437, 'CAHUAPANAS', 138),
(1438, 'JEBEROS', 138),
(1439, 'LAGUNAS', 138),
(1440, 'MANSERICHE', 138),
(1441, 'MORONA', 138),
(1442, 'PASTAZA', 138),
(1443, 'SANTA CRUZ', 138),
(1444, 'TENIENTE CESAR LOPEZ ROJAS', 138),
(1445, 'NAUTA', 139),
(1446, 'PARINARI', 139),
(1447, 'TIGRE', 139),
(1448, 'TROMPETEROS', 139),
(1449, 'URARINAS', 139),
(1450, 'RAMON CASTILLA', 140),
(1451, 'PEBAS', 140),
(1452, 'YAVARI', 140),
(1453, 'SAN PABLO', 140),
(1454, 'REQUENA', 141),
(1455, 'ALTO TAPICHE', 141),
(1456, 'CAPELO', 141),
(1457, 'EMILIO SAN MARTIN', 141),
(1458, 'MAQUIA', 141),
(1459, 'PUINAHUA', 141),
(1460, 'SAQUENA', 141),
(1461, 'SOPLIN', 141),
(1462, 'TAPICHE', 141),
(1463, 'JENARO HERRERA', 141),
(1464, 'YAQUERANA', 141),
(1465, 'CONTAMANA', 142),
(1466, 'INAHUAYA', 142),
(1467, 'PADRE MARQUEZ', 142),
(1468, 'PAMPA HERMOSA', 142),
(1469, 'SARAYACU', 142),
(1470, 'VARGAS GUERRA', 142),
(1471, 'TAMBOPATA', 143),
(1472, 'INAMBARI', 143),
(1473, 'LAS PIEDRAS', 143),
(1474, 'LABERINTO', 143),
(1475, 'MANU', 144),
(1476, 'FITZCARRALD', 144),
(1477, 'MADRE DE DIOS', 144),
(1478, 'HUEPETUHE', 144),
(1479, 'IÑAPARI', 145),
(1480, 'IBERIA', 145),
(1481, 'TAHUAMANU', 145),
(1482, 'MOQUEGUA', 146),
(1483, 'CARUMAS', 146),
(1484, 'CUCHUMBAYA', 146),
(1485, 'SAMEGUA', 146),
(1486, 'SAN CRISTOBAL', 146),
(1487, 'TORATA', 146),
(1488, 'OMATE', 147),
(1489, 'CHOJATA', 147),
(1490, 'COALAQUE', 147),
(1491, 'ICHUÑA', 147),
(1492, 'LA CAPILLA', 147),
(1493, 'LLOQUE', 147),
(1494, 'MATALAQUE', 147),
(1495, 'PUQUINA', 147),
(1496, 'QUINISTAQUILLAS', 147),
(1497, 'UBINAS', 147),
(1498, 'YUNGA', 147),
(1499, 'ILO', 148),
(1500, 'EL ALGARROBAL', 148),
(1501, 'PACOCHA', 148),
(1502, 'CHAUPIMARCA', 149),
(1503, 'HUACHON', 149),
(1504, 'HUARIACA', 149),
(1505, 'HUAYLLAY', 149),
(1506, 'NINACACA', 149),
(1507, 'PALLANCHACRA', 149),
(1508, 'PAUCARTAMBO', 149),
(1509, 'SAN FCO.DE ASIS DE YARUSYACAN', 149),
(1510, 'SIMON BOLIVAR', 149),
(1511, 'TICLACAYAN', 149),
(1512, 'TINYAHUARCO', 149),
(1513, 'VICCO', 149),
(1514, 'YANACANCHA', 149),
(1515, 'YANAHUANCA', 150),
(1516, 'CHACAYAN', 150),
(1517, 'GOYLLARISQUIZGA', 150),
(1518, 'PAUCAR', 150),
(1519, 'SAN PEDRO DE PILLAO', 150),
(1520, 'SANTA ANA DE TUSI', 150),
(1521, 'TAPUC', 150),
(1522, 'VILCABAMBA', 150),
(1523, 'OXAPAMPA', 151),
(1524, 'CHONTABAMBA', 151),
(1525, 'HUANCABAMBA', 151),
(1526, 'PALCAZU', 151),
(1527, 'POZUZO', 151),
(1528, 'PUERTO BERMUDEZ', 151),
(1529, 'VILLA RICA', 151),
(1530, 'PIURA', 152),
(1531, 'CASTILLA', 152),
(1532, 'CATACAOS', 152),
(1533, 'CURA MORI', 152),
(1534, 'EL TALLAN', 152),
(1535, 'LA ARENA', 152),
(1536, 'LA UNION', 152),
(1537, 'LAS LOMAS', 152),
(1538, 'TAMBO GRANDE', 152),
(1539, 'AYABACA', 153),
(1540, 'FRIAS', 153),
(1541, 'JILILI', 153),
(1542, 'LAGUNAS', 153),
(1543, 'MONTERO', 153),
(1544, 'PACAIPAMPA', 153),
(1545, 'PAIMAS', 153),
(1546, 'SAPILLICA', 153),
(1547, 'SICCHEZ', 153),
(1548, 'SUYO', 153),
(1549, 'HUANCABAMBA', 154),
(1550, 'CANCHAQUE', 154),
(1551, 'EL CARMEN DE LA FRONTERA', 154),
(1552, 'HUARMACA', 154),
(1553, 'LALAQUIZ', 154),
(1554, 'SAN MIGUEL DE EL FAIQUE', 154),
(1555, 'SONDOR', 154),
(1556, 'SONDORILLO', 154),
(1557, 'CHULUCANAS', 155),
(1558, 'BUENOS AIRES', 155),
(1559, 'CHALACO', 155),
(1560, 'LA MATANZA', 155),
(1561, 'MORROPON', 155),
(1562, 'SALITRAL', 155),
(1563, 'SAN JUAN DE BIGOTE', 155),
(1564, 'SANTA CATALINA DE MOSSA', 155),
(1565, 'SANTO DOMINGO', 155),
(1566, 'YAMANGO', 155),
(1567, 'PAITA', 156),
(1568, 'AMOTAPE', 156),
(1569, 'ARENAL', 156),
(1570, 'COLAN', 156),
(1571, 'LA HUACA', 156),
(1572, 'TAMARINDO', 156),
(1573, 'VICHAYAL', 156),
(1574, 'SULLANA', 157),
(1575, 'BELLAVISTA', 157),
(1576, 'IGNACIO ESCUDERO', 157),
(1577, 'LANCONES', 157),
(1578, 'MARCAVELICA', 157),
(1579, 'MIGUEL CHECA', 157),
(1580, 'QUERECOTILLO', 157),
(1581, 'SALITRAL', 157),
(1582, 'PARIÑAS', 158),
(1583, 'EL ALTO', 158),
(1584, 'LA BREA', 158),
(1585, 'LOBITOS', 158),
(1586, 'LOS ORGANOS', 158),
(1587, 'MANCORA', 158),
(1588, 'SECHURA', 159),
(1589, 'BELLAVISTA DE LA UNION', 159),
(1590, 'BERNAL', 159),
(1591, 'CRISTO NOS VALGA', 159),
(1592, 'VICE', 159),
(1593, 'RINCONADA LLICUAR', 159),
(1594, 'PUNO', 160),
(1595, 'ACORA', 160),
(1596, 'AMANTANI', 160),
(1597, 'ATUNCOLLA', 160),
(1598, 'CAPACHICA', 160),
(1599, 'CHUCUITO', 160),
(1600, 'COATA', 160),
(1601, 'HUATA', 160),
(1602, 'MAÑAZO', 160),
(1603, 'PAUCARCOLLA', 160),
(1604, 'PICHACANI', 160),
(1605, 'PLATERIA', 160),
(1606, 'SAN ANTONIO', 160),
(1607, 'TIQUILLACA', 160),
(1608, 'VILQUE', 160),
(1609, 'AZANGARO', 161),
(1610, 'ACHAYA', 161),
(1611, 'ARAPA', 161),
(1612, 'ASILLO', 161),
(1613, 'CAMINACA', 161),
(1614, 'CHUPA', 161),
(1615, 'JOSE DOMINGO CHOQUEHUANCA', 161),
(1616, 'MUÑANI', 161),
(1617, 'POTONI', 161),
(1618, 'SAMAN', 161),
(1619, 'SAN ANTON', 161),
(1620, 'SAN JOSE', 161),
(1621, 'SAN JUAN DE SALINAS', 161),
(1622, 'SANTIAGO DE PUPUJA', 161),
(1623, 'TIRAPATA', 161),
(1624, 'MACUSANI', 162),
(1625, 'AJOYANI', 162),
(1626, 'AYAPATA', 162),
(1627, 'COASA', 162),
(1628, 'CORANI', 162),
(1629, 'CRUCERO', 162),
(1630, 'ITUATA', 162),
(1631, 'OLLACHEA', 162),
(1632, 'SAN GABAN', 162),
(1633, 'USICAYOS', 162),
(1634, 'JULI', 163),
(1635, 'DESAGUADERO', 163),
(1636, 'HUACULLANI', 163),
(1637, 'KELLUYO', 163),
(1638, 'PISACOMA', 163),
(1639, 'POMATA', 163),
(1640, 'ZEPITA', 163),
(1641, 'ILAVE', 164),
(1642, 'CAPAZO', 164),
(1643, 'PILCUYO', 164),
(1644, 'SANTA ROSA', 164),
(1645, 'CONDURIRI', 164),
(1646, 'HUANCANE', 165),
(1647, 'COJATA', 165),
(1648, 'HUATASANI', 165),
(1649, 'INCHUPALLA', 165),
(1650, 'PUSI', 165),
(1651, 'ROSASPATA', 165),
(1652, 'TARACO', 165),
(1653, 'VILQUE CHICO', 165),
(1654, 'LAMPA', 166),
(1655, 'CABANILLA', 166),
(1656, 'CALAPUJA', 166),
(1657, 'NICASIO', 166),
(1658, 'OCUVIRI', 166),
(1659, 'PALCA', 166),
(1660, 'PARATIA', 166),
(1661, 'PUCARA', 166),
(1662, 'SANTA LUCIA', 166),
(1663, 'VILAVILA', 166),
(1664, 'AYAVIRI', 167),
(1665, 'ANTAUTA', 167),
(1666, 'CUPI', 167),
(1667, 'LLALLI', 167),
(1668, 'MACARI', 167),
(1669, 'NUÑOA', 167),
(1670, 'ORURILLO', 167),
(1671, 'SANTA ROSA', 167),
(1672, 'UMACHIRI', 167),
(1673, 'MOHO', 168),
(1674, 'CONIMA', 168),
(1675, 'HUAYRAPATA', 168),
(1676, 'TILALI', 168),
(1677, 'PUTINA', 169),
(1678, 'ANANEA', 169),
(1679, 'PEDRO VILCA APAZA', 169),
(1680, 'QUILCAPUNCU', 169),
(1681, 'SINA', 169),
(1682, 'JULIACA', 170),
(1683, 'CABANA', 170),
(1684, 'CABANILLAS', 170),
(1685, 'CARACOTO', 170),
(1686, 'SANDIA', 171),
(1687, 'CUYOCUYO', 171),
(1688, 'LIMBANI', 171),
(1689, 'PATAMBUCO', 171),
(1690, 'PHARA', 171),
(1691, 'QUIACA', 171),
(1692, 'SAN JUAN DEL ORO', 171),
(1693, 'YANAHUAYA', 171),
(1694, 'ALTO INAMBARI', 171),
(1695, 'YUNGUYO', 172),
(1696, 'ANAPIA', 172),
(1697, 'COPANI', 172),
(1698, 'CUTURAPI', 172),
(1699, 'OLLARAYA', 172),
(1700, 'TINICACHI', 172),
(1701, 'UNICACHI', 172),
(1702, 'MOYOBAMBA', 173),
(1703, 'CALZADA', 173),
(1704, 'HABANA', 173),
(1705, 'JEPELACIO', 173),
(1706, 'SORITOR', 173),
(1707, 'YANTALO', 173),
(1708, 'BELLAVISTA', 174),
(1709, 'ALTO BIAVO', 174),
(1710, 'BAJO BIAVO', 174),
(1711, 'HUALLAGA', 174),
(1712, 'SAN PABLO', 174),
(1713, 'SAN RAFAEL', 174),
(1714, 'SAN JOSE DE SISA', 175),
(1715, 'AGUA BLANCA', 175),
(1716, 'SAN MARTIN', 175),
(1717, 'SANTA ROSA', 175),
(1718, 'SHATOJA', 175),
(1719, 'SAPOSOA', 176),
(1720, 'ALTO SAPOSOA', 176),
(1721, 'EL ESLABON', 176),
(1722, 'PISCOYACU', 176),
(1723, 'SACANCHE', 176),
(1724, 'TINGO DE SAPOSOA', 176),
(1725, 'LAMAS', 177),
(1726, 'ALONSO DE ALVARADO', 177),
(1727, 'BARRANQUITA', 177),
(1728, 'CAYNARACHI', 177),
(1729, 'CUÑUMBUQUI', 177),
(1730, 'PINTO RECODO', 177),
(1731, 'RUMISAPA', 177),
(1732, 'SAN ROQUE DE CUMBAZA', 177),
(1733, 'SHANAO', 177),
(1734, 'TABALOSOS', 177),
(1735, 'ZAPATERO', 177),
(1736, 'JUANJUI', 178),
(1737, 'CAMPANILLA', 178),
(1738, 'HUICUNGO', 178),
(1739, 'PACHIZA', 178),
(1740, 'PAJARILLO', 178),
(1741, 'PICOTA', 179),
(1742, 'BUENOS AIRES', 179),
(1743, 'CASPISAPA', 179),
(1744, 'PILLUANA', 179),
(1745, 'PUCACACA', 179),
(1746, 'SAN CRISTOBAL', 179),
(1747, 'SAN HILARION', 179),
(1748, 'SHAMBOYACU', 179),
(1749, 'TINGO DE PONASA', 179),
(1750, 'TRES UNIDOS', 179),
(1751, 'RIOJA', 180),
(1752, 'AWAJUN', 180),
(1753, 'ELIAS SOPLIN VARGAS', 180),
(1754, 'NUEVA CAJAMARCA', 180),
(1755, 'PARDO MIGUEL', 180),
(1756, 'POSIC', 180),
(1757, 'SAN FERNANDO', 180),
(1758, 'YORONGOS', 180),
(1759, 'YURACYACU', 180),
(1760, 'TARAPOTO', 181),
(1761, 'ALBERTO LEVEAU', 181),
(1762, 'CACATACHI', 181),
(1763, 'CHAZUTA', 181),
(1764, 'CHIPURANA', 181),
(1765, 'EL PORVENIR', 181),
(1766, 'HUIMBAYOC', 181),
(1767, 'JUAN GUERRA', 181),
(1768, 'LA BANDA DE SHILCAYO', 181),
(1769, 'MORALES', 181),
(1770, 'PAPAPLAYA', 181),
(1771, 'SAN ANTONIO', 181),
(1772, 'SAUCE', 181),
(1773, 'SHAPAJA', 181),
(1774, 'TOCACHE', 182),
(1775, 'NUEVO PROGRESO', 182),
(1776, 'POLVORA', 182),
(1777, 'SHUNTE', 182),
(1778, 'UCHIZA', 182),
(1779, 'TACNA', 183),
(1780, 'ALTO DE LA ALIANZA', 183),
(1781, 'CALANA', 183),
(1782, 'CIUDAD NUEVA', 183),
(1783, 'INCLAN', 183),
(1784, 'PACHIA', 183),
(1785, 'PALCA', 183),
(1786, 'POCOLLAY', 183),
(1787, 'SAMA', 183),
(1788, 'CORONEL GREGORIO ALBARRACIN LANCHIPA', 183),
(1789, 'CANDARAVE', 184),
(1790, 'CAIRANI', 184),
(1791, 'CAMILACA', 184),
(1792, 'CURIBAYA', 184),
(1793, 'HUANUARA', 184),
(1794, 'QUILAHUANI', 184),
(1795, 'LOCUMBA', 185),
(1796, 'ILABAYA', 185),
(1797, 'ITE', 185),
(1798, 'TARATA', 186),
(1799, 'CHUCATAMANI', 186),
(1800, 'ESTIQUE', 186),
(1801, 'ESTIQUE-PAMPA', 186),
(1802, 'SITAJARA', 186),
(1803, 'SUSAPAYA', 186),
(1804, 'TARUCACHI', 186),
(1805, 'TICACO', 186),
(1806, 'TUMBES', 187),
(1807, 'CORRALES', 187),
(1808, 'LA CRUZ', 187),
(1809, 'PAMPAS DE HOSPITAL', 187),
(1810, 'SAN JACINTO', 187),
(1811, 'SAN JUAN DE LA VIRGEN', 187),
(1812, 'ZORRITOS', 188),
(1813, 'CASITAS', 188),
(1814, 'ZARUMILLA', 189),
(1815, 'AGUAS VERDES', 189),
(1816, 'MATAPALO', 189),
(1817, 'PAPAYAL', 189),
(1818, 'CALLERIA', 190),
(1819, 'CAMPOVERDE', 190),
(1820, 'IPARIA', 190),
(1821, 'MASISEA', 190),
(1822, 'YARINACOCHA', 190),
(1823, 'NUEVA REQUENA', 190),
(1824, 'RAYMONDI', 191),
(1825, 'SEPAHUA', 191),
(1826, 'TAHUANIA', 191),
(1827, 'YURUA', 191),
(1828, 'PADRE ABAD', 192),
(1829, 'IRAZOLA', 192),
(1830, 'CURIMANA', 192),
(1831, 'PURUS', 193);

-- --------------------------------------------------------

--
-- Estructura de tabla para la tabla `images_property`
--

CREATE TABLE IF NOT EXISTS `images_property` (
  `id` int(11) NOT NULL AUTO_INCREMENT,
  `property_id` int(11) NOT NULL,
  `name` varchar(150) DEFAULT NULL,
  `order` int(11) DEFAULT NULL,
  `active` tinyint(1) DEFAULT NULL,
  PRIMARY KEY (`id`,`property_id`),
  KEY `fk_images_property_property1_idx` (`property_id`)
) ENGINE=InnoDB  DEFAULT CHARSET=utf8 AUTO_INCREMENT=469 ;

--
-- Volcado de datos para la tabla `images_property`
--

INSERT INTO `images_property` (`id`, `property_id`, `name`, `order`, `active`) VALUES
(19, 2, '7UeHnms3VS-R4wfZJdq3u38mxP5fMHaZ.jpg', 1, 1),
(20, 2, 'FGPOYfm6jhkpbiIxyHHJIHD7TJEb6bgf.jpg', 2, 1),
(21, 2, 'c8OrY4B46cd8kzaG9cfIFDwkKXUpcSH3.jpg', 3, 1),
(22, 2, 'bTR73haq_jm_B5EBLYLMcMMZnp7JaNlS.jpg', 4, 1),
(23, 2, 'STjxCu3Uz7oxXCn8Cc8YEpnsu9EF7Shs.jpg', 5, 1),
(38, 4, '0DrREz-ujUPvBRtFA7BfcoiN4MdVTN3I.jpg', 1, 1),
(39, 4, '_3NNQFrYWZPRXsXDJEN0RVoCUsUUklrD.jpg', 2, 1),
(40, 4, 'hkJSuCeEYONRTaHtTE0M63jacTGd4hSO.jpg', 3, 1),
(41, 4, 'Bt-veLAesF8nfdklIEBKK5FDysYne7ly.jpg', 4, 1),
(42, 4, 'Jiu6naSiTHbjnOHKP94G_Gp-x6r6BOOU.jpg', 5, 1),
(43, 4, 'xOg1Zj-7C-J12Z4Q5-4gKN7SOmS8o1fL.jpg', 6, 1),
(44, 5, 'ybxrKn4y_RZ49Kwi3HEhCc8mDcSNqR_B.jpg', 1, 1),
(45, 5, '8W1XQKc57D92IaTVcsFBBGPNt_tsAhCf.jpg', 2, 1),
(46, 5, 'CkxfPvL_6xC5lqnMjm4jz5x6OFNfGEam.jpg', 3, 1),
(47, 5, 'LntM7XoDqiQ1uVqMvyPcb_hKNrrwIn62.jpg', 4, 1),
(48, 5, 'HAKdQr8a_MZvj02AHnb3-sX_vKIv0bJM.jpg', 5, 1),
(49, 5, 'hXm0voWCVIWFm05oYiYHAIS1N9oiL3SO.jpg', 6, 1),
(50, 5, 'U3MbTGgwAsUg8CSI5NJEn2NcxJd1tCqe.jpg', 7, 1),
(51, 5, '6M8u7LeyE4Ny21Um6aGtklVquMK-eUWl.jpg', 8, 1),
(52, 5, 'LCsJPLYHp3hp46BWYumGxmoQZgo1nVn5.jpg', 9, 1),
(91, 12, 'yvdy8aUUBvyfKEJel8HSljeKZVzKrvOM.jpg', 1, 1),
(92, 12, 'VAsv5dA5wBra-7sRIUoeo6KB0xFIrECP.jpg', 2, 1),
(93, 12, '8nxOjfxbQVI6upwvecV5PymvgVQgQTzG.jpg', 3, 1),
(94, 12, 'x9XfgFOEOEZeCS83U5dhS5Z4DxaSy8eO.jpg', 4, 1),
(95, 12, 'Cy2jPoV8A6kR9ZaWsmNwV2dDXVV5KmFq.jpg', 5, 1),
(96, 12, 'A9TSBtCXZiT6HrDomRixpCpChqC3HlER.jpg', 6, 1),
(97, 12, '1iWCqD2ie86_MNFx7P-wmVcyUhwke8Oh.jpg', 7, 1),
(98, 13, 'EMvrfZ0QpmuWWbDKfidUPT8n8pcEf41m.jpg', 1, 1),
(99, 13, 'vWKmI99KQzzWxIKo4khx1wlNAi38qRwE.jpg', 2, 1),
(100, 13, 'NftKbGSv7hl8ReG0G6XxpcqYFehXUzqI.jpg', 3, 1),
(101, 13, 'IysmJUE85if8u36Vr-8tZdclWfCG1Lix.jpg', 4, 1),
(102, 13, 'CAeC4DjR_HYWkv6aU-ik4wQ2RROwJlP6.jpg', 5, 1),
(103, 13, 'd5qBKdL3D7jTQrtse-cmd3ck1rhFVFNv.jpg', 6, 1),
(104, 13, '18VITekTfj9PKHXLV3l-BrtiDdrhdF0S.JPG', 7, 1),
(105, 13, 'avmhCxqGep1nUuQni9n2TFts0UbQpw0Z.jpg', 8, 1),
(106, 13, 'd7eXhqtOaKsfynQIK3KFvzfs5WsHoJdt.jpg', 9, 1),
(107, 13, 'ZYtPY6kX1RT95EWoj8z2dORtyHiZc3X0.jpg', 10, 1),
(108, 13, 'fImX8kOSoGUfIyKWWPPlbqBCb2DMZhvL.JPG', 11, 1),
(109, 13, 'GScEGRdO3cVyHK2365Gy9FRs-As4s5Ua.JPG', 12, 1),
(110, 14, 'IX-7Y-w9jxCb7VvCufNQxd0XCsaRwrbe.jpg', 1, 1),
(111, 14, 'rklUyxa2kUgBePgy_GRMbwuq-aBql9gM.jpg', 2, 1),
(112, 14, 'fY02e5Ll51ymCdp40yJs1CG_tfEVXINC.jpg', 3, 1),
(113, 14, '8jAzmoEYX9foScwKEja9dQXre_AqVC-g.jpg', 4, 1),
(114, 14, 'tWrdBRJpDODvlT7mRKp9mQyWgiXMF5ug.jpg', 5, 1),
(115, 14, 'VyK7_T7b4Zo-xvbV35rPD8L01WRh0a9q.jpg', 6, 1),
(116, 14, '-QHGNTnQlqhO6Dx0PtlVhaZKckwcj7ji.jpg', 7, 1),
(117, 14, '1-_BrOoU8POHBBO1guX4hIMnS3k6JLmq.jpg', 8, 1),
(118, 14, '9Rji1_JP7Nh39enACrZKITSTg2wMBBc4.jpg', 9, 1),
(119, 14, 'zF8hkankVxb-x82kHO3Ha-yuUHRwnIP-.jpg', 10, 1),
(142, 16, 'ZwKX38BtfEZLEd61667Nch_ls2d2fIBw.jpg', 1, 1),
(143, 16, 'vvbFyhocpaccKPH0EDfIvt8meF_utlX0.jpg', 2, 1),
(144, 16, 'k-NYV5Et8p7fDPvxymheB0xXX64bvTcQ.jpg', 3, 1),
(145, 16, '9MnsvJob5vO6mZW1BQEYtdHvmHevGXbL.jpg', 4, 1),
(146, 16, 'cent_rPu_SuNIyk1CuK3gqQMEyGU73RV.jpg', 5, 1),
(147, 16, 'G1o5JBdx0F-b6PIRKQ6EEONOszQAR78_.jpg', 6, 1),
(148, 16, 'EDhstLkSAGB6SXfdpBpglwWg8DwqEPhC.jpg', 7, 1),
(149, 16, 'C7frUh6x6r33svga1e1SpCWFg4b31eGO.jpg', 8, 1),
(150, 16, '32I8tUjnbbbs06ruNFnGTCstted_sFXZ.jpg', 9, 1),
(151, 16, 'Y91_tz4BgpDSWYl8vEeK9uA4GyBfncQ9.jpg', 10, 1),
(152, 16, 'fGxSJm9PC7KZb1Rv50wC-5xp6_52gJZN.jpg', 11, 1),
(179, 19, '9A6snBvnzaTbjSDt6ocPWWYlwEPNJFSa.JPG', 1, 1),
(180, 19, 'uwo_4a2I8DpaKaeZdGYKMrI_JCHwy9Ug.JPG', 2, 1),
(181, 19, 'mGpPCuy_JJqlswqDC0WxBPjR1IkMoAI7.JPG', 3, 1),
(182, 19, 'iLsRLjiMHWdSER74STBFQeFmNm2WvS8w.JPG', 4, 1),
(183, 19, 'oweoHzNLUzfVLOG0HX1et1VpJIGEvl3v.JPG', 5, 1),
(184, 19, 'wjZTCxwdzdYS8BKyjlw92oyyN78cPwl1.JPG', 6, 1),
(185, 19, 'OWtVkPceyDk3XTYXX7o9gEZRjweOrZH4.JPG', 7, 1),
(186, 19, 'KBHt3YVKu4tjVv3Q37Zq-qUC64vf8Jtr.JPG', 8, 1),
(187, 19, '2s7zvvQBXbGwiNLkR1WHn8ZCO6cwv93y.JPG', 9, 1),
(188, 19, '7K7-hEdjh8ik3ahWRTAXQIJ7oZGWgh6w.JPG', 10, 1),
(189, 19, 'B6Humtyb1FTbPo3Kmorblb_zwJKXGXMQ.JPG', 11, 1),
(190, 19, 'mp0i3gqMBZXo83HhY0E7ibw3ehPD--Ma.PNG', 12, 1),
(191, 19, '4w3Vqd5_cXim11LMvhc9jEnxIieSmZyG.PNG', 13, 1),
(219, 17, 'dRjMmAm9IKaFvLYCTGz4tal-jRKTyxpt.JPG', 1, 1),
(220, 17, '-4hF5vjuw3G4EqxDv8dWq3L6jCenHDR1.JPG', 2, 1),
(221, 17, 'ZLHH6uB35w5JbKNp2Z93PFv0Ad-sz6j4.JPG', 3, 1),
(222, 17, '8TN6qr7N1saD1wINPupiCe3TKIBSByxr.JPG', 4, 1),
(223, 17, 'c0B0xQYKnTzHXc0ODNKAVxNo_QZJLECn.jpg', 5, 1),
(224, 17, '9CwegK72nOlGK57WllAF3z4UGv0BKcHP.jpg', 6, 1),
(225, 17, 'ZDA6I9xkCab0Tx2szUR9FDygfHfnveDi.jpg', 7, 1),
(226, 17, 'f5irpKC8P-NDGBL3UgxyeVFnhHuDnXnz.jpg', 8, 1),
(227, 17, 'WUQGFOq9buTpU4f_abNQKCjSS553KMXA.jpg', 9, 1),
(228, 17, 'kDbTu9AgwLnWnqW4GGR7umpTNiuTGTuw.jpg', 10, 1),
(229, 17, 'qWwcM7NS89kkSu29eyN6qh-cvznYbKto.jpg', 11, 1),
(245, 24, 'kmDq95Q9frXchca_snYYvD5E_aXKyDNg.jpg', 1, 1),
(246, 24, '2KMBWDtZiqwHfNOExD-LGd5OjRkfXNVW.JPG', 2, 1),
(247, 24, '12moelxU5Yp9c83_FDPhHTyU8eWL1ZSD.JPG', 3, 1),
(248, 24, 'WfISYKQ3D-p2h0tlS8BWYP8pJrAxb5DH.JPG', 4, 1),
(249, 24, 'K9gmEuh_YarCduBfLGlTyu54kA_vMnHj.JPG', 5, 1),
(250, 24, 'JSrmuVsJGIOkKmZEzt0Q8B5dw1iKEEOu.JPG', 6, 1),
(251, 24, 'preqwVUv_c-ZmAkfbCem-38MK70ZpO5Q.JPG', 7, 1),
(252, 24, 'jPGvX5wll7uz0wR0As6qBL2lBD4rw3lj.JPG', 8, 1),
(253, 24, 'olktsyXUFBTgkrgZx-9wU_FMLvZsWu_X.JPG', 9, 1),
(254, 24, 'xCuqOtOATZ2g2nLB21rWNsmPKSLVWwns.JPG', 10, 1),
(255, 24, 'hGjQOyxfjlOxy_xmo1vd-NiOGdpTcIBm.JPG', 11, 1),
(256, 25, 'IZRGNi3mofJXFAsot6MSN0VNNS_QPdLe.jpg', 1, 1),
(257, 25, 'jkV6sUOi4A39M42E5qmpTjtQSe2jk8iy.jpg', 2, 1),
(258, 25, 'RkjHn04nsY2TOXqYPC0YqgoyaFmpC4By.jpg', 3, 1),
(259, 25, 'qhOkyitou_31wbzB-JQCuKOzN8CvtuwO.jpg', 4, 1),
(260, 25, 'zeIsECBquBt76jyxlK3P5CITh5yOSpXS.jpg', 5, 1),
(261, 25, 'fxtum-eqx90u3j6Sy2TffX35zCpM-EnH.jpg', 6, 1),
(262, 25, 'rPptTZvAqxJ-JdtR4PMbdI5nkvdBYrxb.jpg', 7, 1),
(263, 25, '36l26qajhNaa1MRJgOPtTkhhMXg1-_bh.jpg', 8, 1),
(264, 25, 'QxBjx5Mvu9UlGPZE3LggnSspSmieJNmt.jpg', 9, 1),
(265, 25, 'k5D8kvfsmNP33IJqNLw4CAeiu9fcfuFj.jpg', 10, 1),
(284, 28, 'b8jOUT_nFfAoU8s5GAk2BaaPrkngr_fw.jpg', 1, 1),
(285, 28, 'illFsB8nBRDEKkTUc_1zkaZmxyLwHFwN.jpg', 2, 1),
(286, 28, '5QyKwnzR8p7QxcFZVbOPskc4iuT78-1R.jpg', 3, 1),
(287, 28, 'pCaqlfdW9jQXUBpiv4ToQ7HqtvEwIH6K.jpg', 4, 1),
(288, 28, '_FdL0sRnFjWey1o99RvGvkItuA9PU4l9.jpg', 5, 1),
(289, 28, '7CPgFXQmEgNIT0004Ja5lDW1_1bmhjxP.jpg', 6, 1),
(290, 28, 'g77C9Pwp1mmGZwwzf47xVGImS3SP11wG.jpg', 7, 1),
(291, 28, '7eUIEEm16qQoltUvGn12FPZulZAi_5UC.jpg', 8, 1),
(292, 28, 'BbuiC6XL5XmM8wZNwaAmCzbPwBj1GDAj.jpg', 9, 1),
(293, 28, '0wgVtzEA5S2_F4GsLvoq3APtJM24igwj.jpg', 10, 1),
(294, 28, 'dh4KBRGo2_MbGwRZQGvzyZUZsOBbETHP.jpg', 11, 1),
(295, 28, 'SIhk5qLpTKNTVuQZS-PE9_ubgB7Gvgll.jpg', 12, 1),
(305, 30, 'P8_SlBGBPw2k7cZO7925_FFhSI2vlPxO.jpg', 1, 1),
(306, 30, '8X4G2ayhKvaydhVEZwH_KfuTtu7zdTZO.jpg', 2, 1),
(307, 30, 'iOOihSE1Qj2tTbPhEFtzjMvFdQeeGYvF.jpg', 3, 1),
(308, 30, 'Ou5Kr-6zsS-fJDLwy6g_ECQ4H2VKuQ0A.jpg', 4, 1),
(309, 30, 'G7PvICTGlURV6knrKgo4CME-h4xYn3d4.jpg', 5, 1),
(310, 30, 'n8XZ1pvoHSB2d2x2WsEe0PkJmeK3PhTg.JPG', 6, 1),
(311, 30, 'u7ilzACsvrBu_32iyWv9WNLFcdxRiEwZ.jpg', 7, 1),
(312, 30, 'yvflhMSKA-d3OmKRigW3UqQPLCvg4Cm-.jpg', 8, 1),
(313, 30, 'Omkiva-1xxEPRdWjhCJkQ_S9VIJt0RQO.jpg', 9, 1),
(314, 30, 'spneiZMghb51FwjnYy3ja_foRSGIerrq.JPG', 10, 1),
(315, 30, 'S_eq3MHzG4QKhie4N_qYV28xbEpzKn1Y.JPG', 11, 1),
(316, 30, 'qucXsGaJ7B0lK6MsUFXqwZBqLEwrSNQB.JPG', 12, 1),
(317, 31, 'jOMHmxI-Ho7OczBmKsq-enJ58fWxH3hw.JPG', 1, 1),
(318, 31, '9lL9YNtb8Eyz4xYIayI2kP20bDkAme80.jpg', 2, 1),
(319, 31, 'VYEA9KYq1-jxKSd5mq9s2lSuWOS1ZNbV.jpg', 3, 1),
(320, 31, 'jeJpAiB-c7we-XSgyz5Sf8lD7kWyl2C7.jpg', 4, 1),
(321, 31, 'dPWOXb63d3g79mj32LGAK4f7zgnt5k33.JPG', 5, 1),
(322, 31, 'lkQZNXLhSBACqifTlhO8HVpze9VsltwE.JPG', 6, 1),
(323, 31, '2zpUxAs83yoRLabtTkKLSL10uL_8WjdZ.jpg', 7, 1),
(324, 31, 'aTK6vlaqTXpkxVYHiHfZ5ozpmp686SHK.jpg', 8, 1),
(325, 31, 'qwqTqfgQ-wlP5ymcoQ4XfX8xDqd5W-jS.jpg', 9, 1),
(326, 32, 'nIRize82l90uaXC5MCHjNyua7sE6laVy.JPG', 1, 1),
(327, 32, 'qt4Iq6E0zP-HC-qqrTmS1igdP71T9HoT.jpg', 2, 1),
(328, 32, '34TiRtlRQ4sGX7EmIZ5-oWAEqWXWZ-zb.jpg', 3, 1),
(329, 32, 'zviImxx4UDOjKPGZa2_XXNpmYiIGYQtr.jpg', 4, 1),
(330, 32, 'rJElOHAygohNAvHTv2IH8Oud3hgfz5N4.jpg', 5, 1),
(331, 32, 'I9TF6wdOTwzl44xVy6UPg9eU7179gug1.jpg', 6, 1),
(332, 32, '24e51RK0Obo1SCGff7XT2RlkdmAAT054.jpg', 7, 1),
(333, 32, '6yGMrpbcAIpTQokh3HFSLLpIAovL7QJU.jpg', 8, 1),
(346, 33, 'OWuaOJO2G4kYIBw7uBw_GCApBwB1U9V-.jpg', 1, 1),
(347, 33, 'XFY_KbNMKFQnGIrG2I5TlAeu0c6QVsMK.jpg', 2, 1),
(348, 33, 'Kz8468CLLcpxoqrfm7KoGU6taGKewhXQ.jpg', 3, 1),
(349, 33, 't1Ldqrg8OYSbQfvdXsvYWz8ncBWcwHWn.jpg', 4, 1),
(350, 33, 'GiITdwhXLqMcuf2XeDm6IA855sz8FCMs.jpg', 5, 1),
(351, 33, 'XRKUnbZopzW7Wez_wPYN7C_XPo74QC-E.jpg', 6, 1),
(352, 33, 'r82RuDiWQ8oa0VbwdnDy8Ingnpyt7h81.jpg', 7, 1),
(353, 33, 'sGL-ku4krDf9DIAhEuknuRz3pLo4OIG5.jpg', 8, 1),
(354, 33, 'xzZznpRg3-vv_PjN2-OGrfNYSBU8WUAH.jpg', 9, 1),
(365, 35, 'fVtsf1dognrvJb3KPwMmIGp-T0r3u-oO.jpg', 1, 1),
(366, 35, 'VHNlb81riAR8kAyiOrZHkbLEVrU_tGwK.jpg', 2, 1),
(367, 35, 'AmaBrTeOVYl3x8kmp8fWC27s9uMxgZuZ.jpg', 3, 1),
(368, 35, 'Tan6BPInfkPAcMLCrpS7kaL91S6R1Yqe.jpg', 4, 1),
(369, 35, '8AmemtSlSzmwC1x6iscPFeecu2WL-iE-.jpg', 5, 1),
(370, 35, 'VwQtr37uvkW9x0ZZ4TiqYN_80pv3NyHC.jpg', 6, 1),
(371, 35, 'ODtuZnQVqIOZ93bPsoM42peTPKummRwg.jpg', 7, 1),
(372, 35, 'XyvEgcfTNtmXOEWKYWOXa2rnyXfbK_Iv.jpg', 8, 1),
(373, 35, '88YOOxKxQNaPvreuY7szZG6kCF3mxtkz.jpg', 9, 1),
(374, 35, 'X_rMcI9V8eX-PK_4aoS_uKYT-kboaIGV.jpg', 10, 1),
(375, 35, 'eIYzjLrLWFPdJbR_R1V4OoU9ycRgp42X.jpg', 11, 1),
(376, 35, 'coIVTyV1fGGM6b8h1B84YP0-vEC90x6f.jpg', 12, 1),
(377, 35, 'QPuIh2_z902DclIxN0N214pejWTcJsyu.jpg', 13, 1),
(378, 36, 'tG-IzcdsAbeJkMxfkOPLn7YoX19Jlr66.jpg', 1, 1),
(379, 36, 'PCGzw3lTY8eiJCDu4pB0MijXnHDgBYcs.jpg', 2, 1),
(380, 36, 'YPR5hftRrAMXnE6z9juCIajEy8YSmA6s.jpg', 3, 1),
(381, 36, 'O0bIsLZTmbgUOfgTHwmQMqt4g6ubUoNN.jpg', 4, 1),
(382, 36, 'hadcJnC6BeeKbUgaqjHqp4YFsTYEpQp3.jpg', 5, 1),
(383, 36, 'OH-3LSrKgMy5ZKKZBN54mEVF9L-FT3Cj.jpg', 6, 1),
(384, 36, 'YBkNFTxH6NMjclcSaCkn_IzgyTxZhzOX.jpg', 7, 1),
(385, 36, 'teSXoIo-GDdLeUwYgFymwHdcW2jUjz4H.jpg', 8, 1),
(386, 34, 'MiqMcdaJfmJuwpNka1ldsqrthaweXZV7.jpg', 1, 1),
(387, 34, 'ifM_S9obgPHDrlZreKHEsujOD-gsniUA.jpg', 2, 1),
(388, 34, 'Io-9QDxIpz9O1jlm-IsmVlCUTrq5NGfr.jpg', 3, 1),
(389, 34, 'x2wpqGWSP8YhxDQj8IMD9CupRz3oh6Bc.jpg', 4, 1),
(390, 34, 'M4bj6Lcsg9SMLkvU8arHgU8zcLOFn00V.jpg', 5, 1),
(391, 34, '2mpTtR23VitoSzslGCtaA5RA6Y7pUkmc.jpg', 6, 1),
(392, 34, 'VbUn-283Sfaax-ebPvTcjJoWIWNBMUEu.jpg', 7, 1),
(393, 34, 'AO569z53L-sFhjQEK-7Lz14x7kI8VcQK.jpg', 8, 1),
(394, 34, 'xuDlmzS4qxvvPT-lkoMa8uzk4Yh3uNFJ.jpg', 9, 1),
(395, 34, 'ptQUKB2C6wwSNFFOUulw9IdRZ6qZ6p-4.jpg', 10, 1),
(396, 34, 'iVApdL_rhL7gz1xImUqNg-E-GzRXpP1x.jpg', 11, 1),
(397, 34, '1pbl-8H85JhnTFgulLgk_ry0RPPjvcQd.jpg', 12, 1),
(398, 37, 'Fq5vJGlSIXZs7SorZBzyRellrkQ9u-L-.jpg', 1, 1),
(399, 37, 'OVqiybJIrgjyk_gkm1v5-fPX0oOcG3Rw.jpg', 2, 1),
(400, 37, '5txJi_8oFSJUEVdt14Sz49uHubcq5mwT.jpg', 3, 1),
(401, 37, 'UhmUW-_r7uXEoMMtBDzTieZhU0clbxj5.jpg', 4, 1),
(402, 37, 'Q_nUPfsOfO01tXqpYtSug9AufOAtTi6l.jpg', 5, 1),
(403, 37, 'v9B-1pymVG4cah983cSfwQ1qLljd1tse.jpg', 6, 1),
(404, 37, 'MSqlPANmdjynYDkZl0FXeJcXCIZgIN0O.jpg', 7, 1),
(405, 37, 'jKRQgvLrQ8VlBIZxSODyPin8P4BFw1km.jpg', 8, 1),
(406, 37, 'd0mMCuJVyJPyPi98w3kBov07EbBvatC9.jpg', 9, 1),
(407, 37, 'j3Uxcc_QdxUdV5n60q4-kwAHFyMrLL-K.jpg', 10, 1),
(426, 40, 'H6bpJ_jCLhdSvWMir5AkMQZL9t2nwVKe.jpg', 1, 1),
(427, 40, '1ORgdf8h1508tEB_-u2SznmNtz4IRbM8.jpg', 2, 1),
(428, 40, 'I2F2fbvJZhXpPGHu1nzROmBWhh8vhZOm.jpg', 3, 1),
(429, 40, '1eoj7ZHxfZgCbb3Lfig9F2RWq0JOZ38I.jpg', 4, 1),
(430, 40, 'rCHnf8cz99CxpQ_R5VKUloBxXvwkYvJI.jpg', 5, 1),
(431, 40, 'Fev32S_t4sq_gA4CszAZcEp3czEb3OFV.jpg', 6, 1),
(432, 40, 'P_oXgkzZ09bmcQsVx17e--XoZhr-GBC9.jpg', 7, 1),
(433, 40, 'BXk6Uih6viA4dbXJ0rlaFjV8XCxWkRrl.jpg', 8, 1),
(434, 40, '2hXDpbKI05CA8j2UaOyE_ptD4gQF-1AW.jpg', 9, 1),
(435, 41, '7HCT8RyTLQpAVF-660o_nVpGDR7TXYgv.jpg', 1, 1),
(436, 41, 'iw6J2zC6AtHQ6eC6MZppgAV0nsEWrtkL.jpg', 2, 1),
(437, 41, 'lpFE92z0JYKHJLYSWu_CmJYQsGPS3qj8.jpg', 3, 1),
(438, 41, 'GbXVFrrNYr9q0PfHegAgFM2ojuKzzoT_.jpg', 4, 1),
(439, 41, 'MWZccYoYvC4hj9wvlTCMcJB3Wv_VoGTU.jpg', 5, 1),
(440, 41, '6rMsmR1GBiTaThii4tKtCe5dVHpVpYzJ.jpg', 6, 1),
(441, 41, 'QJ7ncXe_i616QBbU5gn_Ai8Na8Kxfk2_.jpg', 7, 1),
(442, 41, '6fRVyE6w3Ja1PkYAelT73Yg6SPyGb5n2.jpg', 8, 1),
(443, 42, 'xhE3bMhhG7dSYaiEbTxkfXnQjDxK9sN6.jpg', 1, 1),
(444, 42, 'VSrajwYPzv_at7wTXy63oKTlrt9VVuNJ.jpg', 2, 1),
(445, 42, 'Ix34dBNmWBwrDGpA32TY186rrbht6Na8.jpg', 3, 1),
(446, 42, 'MH9pVH9rKoXfekS8CKGBb1MpXtwOxnqg.jpg', 4, 1),
(447, 42, 'eFbUIlbONEN2yS-_SJY7nvt_AFw1-SfT.jpg', 5, 1),
(448, 42, 'z_7F5PHAIftxSgF4W5N9iiPXMCREomt5.jpg', 6, 1),
(449, 42, 'EhLdegR79ndUOE0ZNVmqgOb9BQhIdpp9.jpg', 7, 1),
(450, 42, 'n25EMLNXBl3Q97hd-x7LpVHPU0KKNbXB.jpg', 8, 1),
(451, 42, 'Z89TSNLBTi2Cz7VSEnJcrMy8bGK4RoRq.jpg', 9, 1),
(452, 42, 'W2r0N-Ua-eJ8Pom-VbZd_bOQBhsX2AJg.jpg', 10, 1),
(453, 42, 'nW0bzfkVBnZTzg-lzjdhuMjqGR3pfWFs.jpg', 11, 1),
(454, 42, 'UyVC7IVVgl46uvyaTZcfIMjBl1EDewua.jpg', 12, 1),
(455, 43, 'PIQl_D8L5G373JAfxSjT1PhNm7zITdRg.jpg', 1, 1),
(456, 43, '_a7ztHW1zPaFUGWfJkQpT-ZM9uoFMVXZ.jpg', 2, 1),
(457, 43, 'ocP1AtHwBEpIpqnVUwJMKFHHbgNiY2Ix.jpg', 3, 1),
(458, 43, 'slyyEdExc4Lptpljbxz9RZ_gEZLJ7Bz4.jpg', 4, 1),
(459, 43, 'K4n4KB9ky5AdLwY3FcEEQ8glQEH0a2k9.jpg', 5, 1),
(460, 43, 'e4Sv8beESTT_FtS9il9hafNxutI-PknV.jpg', 6, 1),
(461, 43, 'JtY3sMTCSbhq8tF6sd0GTqCjhXDuxueF.jpg', 7, 1),
(462, 43, 'TB895lVxpofSwCNWQS-9uTWOxWdSZ6H4.jpg', 8, 1),
(463, 43, 'Q-UktRpqZSCNUUgkDQ2bwYsjqiK7pNMM.jpg', 9, 1),
(464, 43, 'yv_hUCI9_YwJhz55D5Gw7xAN58wkCkZX.jpg', 10, 1),
(465, 43, 'hvtMLT5Ho41Bv_xPvXPRWaJiWuJ-D_iJ.jpg', 11, 1),
(466, 43, '9pSzxlDrBBC5nn_ay4vWwBjqWkNM42iO.jpg', 12, 1),
(467, 43, 'KALpOm3QiRe02-nfLhSGLYnrZQPH6oXR.jpg', 13, 1),
(468, 43, 'P8N8TBs1EqPaC47APUYMZRzzrkRF7sas.jpg', 14, 1);

-- --------------------------------------------------------

--
-- Estructura de tabla para la tabla `images_user`
--

CREATE TABLE IF NOT EXISTS `images_user` (
  `id` int(11) NOT NULL AUTO_INCREMENT,
  `name` varchar(150) DEFAULT NULL,
  `order` int(11) DEFAULT NULL,
  `active` tinyint(1) DEFAULT NULL,
  `user_id` int(11) NOT NULL,
  PRIMARY KEY (`id`,`user_id`),
  KEY `fk_images_user_user1_idx` (`user_id`)
) ENGINE=InnoDB  DEFAULT CHARSET=utf8 AUTO_INCREMENT=18 ;

--
-- Volcado de datos para la tabla `images_user`
--

INSERT INTO `images_user` (`id`, `name`, `order`, `active`, `user_id`) VALUES
(10, '-Qn_Npq-bj8Yj549wjng29UPFo8s7ZX0.jpg', 1, 1, 32),
(11, 'YxwoVAdoTNXXdviPpznsy1mlKGifWElH.jpg', 1, 1, 36),
(12, '666ekRDv9EHNz2V62cJuOGQYSR-SQv8_.jpg', 1, 1, 37),
(14, 'jHmRyNGuo2j69f5aGHqCyh7W4_HtZzMh.jpg', 1, 1, 39),
(17, 'c_bshHDlDhrTs5Slrcs_F5sYxdG3qXtC.jpg', 1, 1, 42);

-- --------------------------------------------------------

--
-- Estructura de tabla para la tabla `module`
--

CREATE TABLE IF NOT EXISTS `module` (
  `id` int(11) NOT NULL AUTO_INCREMENT,
  `iconfa` varchar(100) DEFAULT NULL,
  `label` varchar(50) NOT NULL,
  `description` varchar(500) NOT NULL,
  `controller` varchar(50) NOT NULL,
  `active` tinyint(1) NOT NULL,
  `type_id` int(11) NOT NULL,
  PRIMARY KEY (`id`),
  KEY `fk_controller_type1_idx` (`type_id`)
) ENGINE=InnoDB  DEFAULT CHARSET=utf8 AUTO_INCREMENT=9 ;

--
-- Volcado de datos para la tabla `module`
--

INSERT INTO `module` (`id`, `iconfa`, `label`, `description`, `controller`, `active`, `type_id`) VALUES
(1, 'fa-users', 'Users', 'Modulo de Usuarios', 'user', 1, 2),
(2, 'fa-tags', 'Access Profiles', 'Modulo de Perfiles de Acceso', 'profile', 1, 2),
(3, 'fa-cogs', 'Modules', 'Modulo de Controladores', 'module', 1, 2),
(4, 'fa-cog', 'Types', 'Module Type', 'type', 1, 2),
(5, 'fa-cog', 'States', 'Module State', 'state', 1, 2),
(6, 'fa-building', 'Propiedades', 'Modulo de propiedades Operaciones CRUD', 'property', 1, 4),
(7, 'fa-user', 'Agentes', 'Modulo de agentes Operaciones CRUD', 'agent', 1, 3),
(8, 'fa-tachometer', 'Dashboard', 'Muestra informacion importante de entrada a la aplicacion.', 'dashboard', 1, 2);

-- --------------------------------------------------------

--
-- Estructura de tabla para la tabla `profile`
--

CREATE TABLE IF NOT EXISTS `profile` (
  `id` int(11) NOT NULL AUTO_INCREMENT,
  `name` varchar(45) NOT NULL,
  `description` varchar(500) NOT NULL,
  `category` varchar(45) NOT NULL,
  `active` tinyint(1) NOT NULL,
  PRIMARY KEY (`id`)
) ENGINE=InnoDB  DEFAULT CHARSET=utf8 AUTO_INCREMENT=4 ;

--
-- Volcado de datos para la tabla `profile`
--

INSERT INTO `profile` (`id`, `name`, `description`, `category`, `active`) VALUES
(1, 'App Manager', 'Management Modules', 'user', 1),
(2, 'Administracion Gerencia', 'Gestion de Modulos de agente y propiedad', 'user', 1),
(3, 'Agente', 'Gestion de propiedades', 'user', 1);

-- --------------------------------------------------------

--
-- Estructura de tabla para la tabla `property`
--

CREATE TABLE IF NOT EXISTS `property` (
  `id` int(11) NOT NULL AUTO_INCREMENT,
  `type_id` int(11) NOT NULL,
  `state_id` int(11) NOT NULL,
  `price` double DEFAULT NULL,
  `money` char(1) NOT NULL,
  `commission` double NOT NULL,
  `area` double DEFAULT NULL,
  `bedrooms` double DEFAULT NULL,
  `bathrooms` double DEFAULT NULL,
  `longitude` varchar(50) NOT NULL,
  `latitude` varchar(50) NOT NULL,
  `active` tinyint(1) DEFAULT NULL,
  `datecreation` timestamp NULL DEFAULT NULL,
  `datestart` timestamp NULL DEFAULT NULL,
  `datelastupdate` timestamp NULL DEFAULT NULL,
  `owner` varchar(50) DEFAULT NULL,
  `phoneowner` varchar(45) DEFAULT NULL,
  `emailowner` varchar(100) DEFAULT NULL,
  `address` varchar(100) NOT NULL,
  `references` varchar(500) DEFAULT NULL,
  `priority` int(11) DEFAULT NULL,
  `garages` double DEFAULT NULL,
  `yearsold` double DEFAULT NULL,
  `furnished` tinyint(1) DEFAULT NULL,
  `description` varchar(1000) DEFAULT NULL,
  `user_id` int(11) DEFAULT NULL,
  `distrito_id` int(11) NOT NULL,
  PRIMARY KEY (`id`),
  KEY `fk_property_type1_idx` (`type_id`),
  KEY `fk_property_state1_idx` (`state_id`),
  KEY `fk_property_user1_idx` (`user_id`)
) ENGINE=InnoDB  DEFAULT CHARSET=utf8 AUTO_INCREMENT=44 ;

--
-- Volcado de datos para la tabla `property`
--

INSERT INTO `property` (`id`, `type_id`, `state_id`, `price`, `money`, `commission`, `area`, `bedrooms`, `bathrooms`, `longitude`, `latitude`, `active`, `datecreation`, `datestart`, `datelastupdate`, `owner`, `phoneowner`, `emailowner`, `address`, `references`, `priority`, `garages`, `yearsold`, `furnished`, `description`, `user_id`, `distrito_id`) VALUES
(2, 8, 3, 250000, 'D', 3, 288, 0, 0, '-76.83978036046028', '-12.310527707597576', 1, '2016-07-20 07:06:28', '2016-07-19 05:00:00', '2016-11-09 01:35:35', 'Claudia Dávila', '949671755', 'cdavila@aia.com.pe', 'Provincia de Lima, Perú', 'Calle Los Choros  con malecon Jahuay Lurin Lima Perú', 0, 0, 0, 0, '¡OPORTUNIDAD DE INVERSIÓN!\r\nSe vende amplio terreno en la calle Los Choros en Playa Pulpos. Ubicado a una cdra. de la bajada a la playa, vista al mar desde segundo piso. \r\nArea de Terreno: 288.1 Mt2\r\nFrente: 9.85 ML\r\nDerecha: 29.20 ML\r\nIzquierda: 29.00 ML\r\nFondo: 9.95 ML\r\n\r\nPrecio: USD 250,000 Negociable\r\nContácto: 949-671-755 / cdavila@aia.com.pe', 32, 1269),
(4, 6, 3, 565000, 'D', 3, 205, 4, 4, '-77.04422108675539', '-12.09571492745052', 1, '2016-08-10 00:50:48', NULL, '2016-09-20 22:27:04', 'FYP INVERSIONES SAC', '4216370', 'gerencia@constructorapaloalto.com', 'Sector 1, San Isidro, Perú', 'Av. Jorge Basadre 1216 San Isidro ', 5, 3, 0, 1, 'Venta de Departamentos en el Edificio Basadre 1216, el cual cuenta con sofisticado diseño arquitectónico basado en altos estándares de calidad y los mas modernos acabados, exclusivas áreas comunes, con amplios ambientes destinados al descanso y bienestar,amplio Looby, sala de usos múltiples, gimnasio y piscina climatizada. \r\nDepartamentos con sala comedor amplio y luminoso con pisos de madera de alta resistencia, cocina elegantes y funcionales, con tablero de granito, piso de porcelanato y griferia monocomando. Dormitorio principal con WCL y SS.HH, 3 dormitorios secundarios con closet y SS.HH. incluido, SS.HH. de visita, sala estar, cuarto de servicio, baño de servicio y lavandería. \r\nSofisticados, estilo, bienestar lujo y confort,funcionalidad, exclusividad y una excelente ubicación con acceso a parques, bancos, centros comerciales y supermercados.', 39, 1281),
(5, 7, 3, 2250000, 'D', 3, 818.52, 0, 4, '-77.02411559410393', '-12.119712601487409', 1, '2016-08-10 21:46:08', NULL, '2016-11-08 21:43:01', 'Jorge Tomateo Valencia', '998315697', 'info@cyvperu.com', 'Surquillo, Perú', 'Av. Mariscal Cáceres 111 con la Av. Prolongación Ricardo Palma 298 en el distrito de Surquillo.', 0, 8, 1, 0, 'El local se ubica en los dos primeros niveles del Edificio Torre Ricardo Palma, que consta de 16 pisos y \r\ndos sótanos \r\nEl Local Comercial ocupa un total de 818 m2. de área techada, los que tienen acceso directo \r\ndesde la calle sin interferencias con el edificio de viviendas. \r\nLa torre de departamentos ocupa desde el piso 3 al 16 y azotea, tiene acceso independiente a nivel de la \r\ncalle a través de un hall de recepción, mediante una rampa de 3 metros de ancho libre se ingresa a dos \r\nniveles de sótano, con un total de 40 espacios de estacionamientos los que, sumados a los 6 ubicados en \r\nel nivel de la calle, dan un total de 46 estacionamientos.\r\nTAMBIÉN TENEMOS AVANZADO EL PROYECTO PARA CLÍNICA. INCLUYE PERMISOS. CONTACTARSE A LOS NÚMEROS MENCIONADOS', 37, 1291),
(12, 6, 3, 120000, 'D', 3, 69, 0, 2, '-76.99999641627073', '-12.128203224255353', 1, '2016-08-31 23:04:21', '2016-08-15 05:00:00', '2016-11-08 21:43:27', 'Charles Castro', '997633872', 'chcastro@afgtecom.com', 'Paradero Ovalo, Santiago de Surco 15038, Perú', ' Preciado 149', 0, 0, 22, 0, 'Oficina a puerta cerradas (licencia en trámite), muy bien ubicada en Ovalo de Higuereta (paralela a Av. Aviación) •	3er. Piso sin ascensor •	68.08 m2 (2 oficinas unidas, 33.76 y 34.32m / 2 partidas, actualmente tiene una sola entrada) •	Bien distribuida, 2 salones amplios, 2 baños, espacio para recepción, bien iluminada. •	Ubicarse en el Ovalo Higuereta te conecta con toda la variedad de comercio de la zona (supermercados, restaurantes, bancos, gimnasios, polvos rosados) acceso a muchos distritos por vías avenidas principales, Benavides, Tomás Marsano, Aviación, Paseo La Castellana.', 37, 1290),
(13, 10, 2, 760, 'D', 3, 25, 50, 5, '-77.02494615688926', '-12.124713519886466', 1, '2016-09-05 03:22:45', '2016-08-22 05:00:00', '2016-09-05 03:25:43', 'chengzun pan', '949671755', '', 'Leuro, Miraflores, Perú', 'Av. Paseo de la República 5895 Miraflores', 5, 50, 0, 1, 'TORRE LEURO es el nuevo edificio de oficinas Premium, que conjuga un diseño vanguardista, tecnología y seguridad, con una privilegiada y estratégica ubicación en la Av. Benavides, Miraflores.\r\nContamos con 50 oficinas desde los 6.50m2 hasta 25m2, 1 moderno kichinette, Servicios y 8 sótano de estacionamientos, además el edificio cuenta con 12 ascensores inteligentes y todas sus instalaciones en acabados de lujo.\r\nContamos con vigilancia las 24 horas para asistencia y seguridad en el edificio, y que han sido distribuidos en el Acceso peatonal, Acceso vehicular, Hall principal y CCTV.\r\nEl costo de mantenimiento es de USD 75.00 por persona que incluye: internet, luz, agua, limpieza, recepcionistas, seguridad, teléfono desde el primer día, aire acondicionado, impresiones, asistencia técnica, uso de áreas comunes como Kitchenette, comedor, sala wifi, etc.\r\nPrecio de estacionamiento: USD 200.00 + IGV', 36, 1272),
(14, 6, 3, 350000, 'D', 3, 195, 3, 4, '-77.03383055515587', '-12.115340982506336', 1, '2016-09-06 22:02:09', '2016-09-06 05:00:00', '2016-11-08 21:44:21', 'AVV CONSTRUCTORES SA', '994107096', 'avvconstructores@gmail.com', 'Surquillo, Miraflores, Perú', 'CALLE GENERAL BORGOÑO N° 459 - MIRAFLORES', 5, 2, 4, 0, 'Moderno duplex ubicado en acogedora zona del distrito de Miraflores, cuenta con 3 dormitorios, 2 de ellos con baño incluido y 1 dormitorio con baño común, amplia cocina con muebles altos y bajos, tableros en granito, sala estar en el 2do piso con baño, amplia terraza, área de BBQ, área de servicio ( dormitorio, baño de servicio y lavandería). Baños con tableros en granito, mármol, muebles bajos y ovalines. Confort, seguridad para el mejor estilo de vida. Edificio con Ascensor, frente al parque Manuel Solari. Incluye estacionamiento doble y un depósito.', 39, 1272),
(16, 10, 3, 195000, 'D', 3, 170, 3, 3, '-77.07592172034919', '-12.081019028419675', 1, '2016-09-10 04:24:06', '2016-09-09 05:00:00', '2016-11-09 01:36:15', 'LUIS OLIVOS', '997467942', 'lolivos@gsl.com.pe', 'San Miguel, Perú', 'Unamuno 118', 0, 1, 11, 0, 'Amplio departamento / San Miguel / bien ubicado. Área : 170m2 / 1er. Piso. Sala y comedor grandes. Family room. Amplia cocina con comedor de diario. 3 dormitorios, principal con baño incorporado. 3 baños 1/2. Patio frontal, patio (lavandería). Cuarto y baño de servicio. Ingreso independiente (con puerta de calle y cochera) zonificación RDM con autorización para Oficina Administrativa (sin atención público ,Salón de belleza, podología, manicure, masaje facial, Guardería, casa cuna, Prestación de servicios profesionales, Consultorio médico cualquier especialidad (incluye medicina veterinaria, Enseñanza pre-escolar (inicial, nido), Sastrería, costureras. 11 años antigüedad, bien conservado. a una cuadra de la av. La Marina, a 3 cuadras de Plaza San Miguel, cerca c. comerciales, bancos, restaurantes, grifos, gimnasios, entre otros.', 37, 1286),
(17, 6, 3, 198000, 'D', 3, 216, 4, 3, '-76.9347469881177', '-12.101588404177985', 1, '2016-09-14 04:51:36', '2016-09-12 05:00:00', '2016-10-25 22:11:44', 'MAURICIO NONERO', '949671755', 'mauricio.norero@gmail.com', 'Las Lomas De La Molina Vieja, Distrito de Lima 15024, Perú', 'Calle Los Molinos de San Miguel 165', 5, 1, 6, 1, 'Venta de Departamento Dúplex con 212m2 (106m2 1er nivel - 106m2 2do Nivel), en la Urb. La lomas de la Molina. \r\nEs en un condominio cerrado, con seguridad, en el tercer piso. \r\nSala, comedor, balcón, cocina con muebles de melanina, granito y deposito. \r\nPiso laminado, cerámico, muy buenos acabados. 1 cochera. \r\nDormitorio principal con baño y walk in closet. 2do y 3ro dormitorio con baño compartido, y un baño de vistas. (Todo en el primer nivel). \r\nEn el 2do nivel hay un dormitorio mas con baño, lavandería, deposito, sala de reuniones, mini gym y terraza con parrilla. \r\nEl mantenimiento fluctúa entre 150 y 170 soles. \r\nSe aceptan mascotas.. ', 32, 1264),
(19, 8, 3, 800000, 'D', 4, 1481.5, 0, 0, '-76.84191513166297', '-12.305269811679228', 1, '2016-10-04 01:37:18', '2016-10-03 05:00:00', '2016-11-09 01:37:07', 'JOSÉ MARINA', '924338360', 'jmarina@pettypublicidad.pe', 'Distrito de Punta Hermosa, Perú', 'antigua panamericana sur km 41', 0, 0, 10, 0, 'Terreno con casi 1,500m2, ubicado en la misma Panamericana Sur (antigua) km. 41, en una zona muy comercial, en la entrada de la playa Pulpos antes del Arco de playa El Silencio. Cerca de restaurantes, discotecas (Tumbao Sur, Voce Sur) y comercio en general. Zonificación Comercio Zonal (CZ) \r\nLa zona está en un franco crecimiento en Plaza Vea Lurín se construirá un gran Centro comercial, ingresará el Grupo Intercorp con PROMART, Cineplanet y muchas otras marcas. El centro comercial  atenderá a 75,000 personas con una inversión de 60 millones de soles. Muy cerca se encuentra también Tambo Plaza Lima Sur. En el km. 32 In Outlet Lurín del Grupo Arauco,  próximamente se sumarán 10 nuevas marcas que engrosarán el portafolio de las más de 60 que hoy operan, además de reforzar la oferta gastronómica, todo esto nos hace ver que comprar en esta zona en este momento es una muy buena inversión.', 37, 1269),
(24, 7, 3, 630000, 'D', 3, 346, 8, 6, '-77.02985644340515', '-12.106387725340747', 1, '2016-11-08 21:41:59', '2016-11-04 05:00:00', '2016-11-30 05:14:53', 'JHONY BALUARTE', '949671755', '', 'Barboncito, Miraflores, Perú', '', 5, 3, 0, 0, 'Se vende lindo local comercial, con una excelente ubicación en la cdra. 43 de la av Petit Thouar - Miraflores.\r\nCuenta zonificación comercial, hasta la fecha ha funcionado como Pastelería. Área de Terreno: 155mt2 y Área Construida: 303mt2.\r\nEl local cuenta con 4 pisos distribuidos de la siguiente manera:\r\nPrimer piso:\r\nSe ingresa a la edificación a través de la av. Petit Thouars. En éste piso se encuentra la cocina, una recepción y\r\n2 áreas de venta de productos, un depósito, un baño y 3 estacionamientos.\r\nSegundo piso: \r\nSubiendo las escaleras se encuentran tres ambientes como oficinas, un almacén, 2 baños y el ingreso a la escalera de servicio al tercer piso.\r\nTercer piso:\r\nConformado por una planta libre y amplia a doble altura que ademas cuenta con 2 depósitos y 2 baños. \r\nCuarto piso:\r\nSe accede a través de una escalera de servicio desde el tercer piso. Cuenta con 2 ambientes destinados al uso de depósito y 1 baño.', 32, 1272),
(25, 6, 3, 471010, 'D', 3, 127.3, 2, 3, '-77.04737401235582', '-12.116313180217542', 1, '2016-11-08 21:47:15', '2016-10-20 05:00:00', '2016-11-09 01:36:32', 'Fabiola Rolando', '998322982', 'frolando@constructorapaloalto.com', 'Santa Cruz, Miraflores 15074, Perú', 'avenida Malecon de la marina y calle Toribio Pacheco', 5, 2, 0, 0, 'Exclusivo departamento con hermosa vista al mar en el distrito de Miraflores, con acabados de primera, piso de madera sólida, cristal insulado en fachada malecón, cocinas en granito, tableros de baño en mármol y cuarzo, baños con revestimiento español, techos altos de 2.7m. Áreas comunes con un lobby con techo alto, paredes revestidas en mármol Striato Olimpo y piso en granito gris estaño, terraza interior con jardines verticales, piscina, gimnasio y sala de usos múltiples.\r\nCalidad, confort, acogedor, pensando en Ud.\r\n', 39, 1272),
(28, 10, 2, 800, 'D', 100, 25, 10, 10, '-77.02795207500463', '-12.091762902382527', 1, '2016-11-21 22:09:41', '2016-11-21 05:00:00', '2016-11-21 22:09:41', 'CHENZUNG PAN', '949671755', '', 'Jardín, San Isidro 15046, Perú', '', 5, 20, 0, 1, 'Se alquilan oficinas Premiun de estrenototalmente amobladas. Cuenta con áreas comunes como Sala de reuniones, comedor, recepción, etc.  Contamos con vigilancia las 24 horas para asistencia y seguridad en el edificio. Ubicacióm estratégica en la esquina de calle Orquídeas y Javier Prado, en la zona empresarial de San Isidro, Torre Orquídeas destaca por su gran altura y moderno diseño. Para mayor información contactar al 949671755', 32, 1281),
(30, 6, 3, 113000, 'D', 3, 75, 2, 2, '-77.09344893693924', '-12.062282132409026', 1, '2016-11-26 05:32:09', '2016-11-25 05:00:00', '2016-12-13 05:29:38', 'CLAUDIA DAVILA', '949671755', '', 'Maranga 5ª Etapa, Distrito de Lima, Perú', '', 5, 1, 2, 0, 'Se vende lindo departamento en Condominio Los Altos de San Miguel, en la Av Venezuela, frente al hospital Naval. Cuenta con 2 dormitorios, el principal con baño completo y otro baño completo adicional, la sala es muy iluminada, balcón con vista interna, cocina y área de lavandería, ademas de cuarto y baño de servicio. 1 estacionamiento. \r\nEl condominio cuenta con áreas comunes tales como (Lavandería, gym, zona de parrilla, sala para eventos, juegos para niños y sala Wi-fi.) Ademas de seguridad las 24 horas.\r\nCosto de mantenimiento S/. 100.00 \r\nPara mayor información contáctar al 949671755 / cdavila@aia.com.pe', 32, 1286),
(31, 6, 3, 155000, 'D', 3, 85, 2, 2, '-76.96545660495758', '-12.105786634245174', 1, '2016-11-28 22:46:09', '2016-10-26 05:00:00', '2016-12-30 00:04:47', 'EDUARDO BARRETO DE SOUZA', '942955593', '', 'Santiago de Surco, Perú', 'AV ALONSO DE MOLINA 1302', 5, 1, 10, 0, 'SE VENDE DEPARTAMENTO EN MONTERRICO - SURCO, ENTRE LA AV CENTRAL Y ALONSO DE MOLINA, MUY CERCA A LA UPC,  DE 2 DORMITORIOS CADA UNO CON CLOSET Y VISTA A LA CALLE, 1 BAÑO COMPLETO, SALA COMEDOR AMPLIO, COCINA CON REPOSTEROS ALTOS Y BAJOS CON TABLERO DE GRANITO, ZONA DE LAVANDERIA CON BAÑO COMPLETO, SE REMODELARON LOS PISOS, BAÑOS, COCINA Y REPOSTEROS, PINTURA, CLOSETS. CUENTA CON 1 COCHERA INDEPENDIENTE Y DEPOSITO EN LA TERRAZA. PAGO DE MANTENIMIENTO S/.350 INCLUYE GUARDIANIA, AGUA Y LUZ DE AREAS COMUNES. CONTÁCTO: (RPM #) 942-955-593 / rfarias@aia.com.pe', 42, 1290),
(32, 10, 3, 210000, 'D', 3, 122, 3, 2, '-77.0976117253303', '-12.059990680061443', 1, '2016-11-30 04:46:30', '2016-11-28 05:00:00', '2016-11-30 04:46:30', 'RICARDO ESPINOZA', '949671755', '', 'Bellavista, Perú', '', 5, 1, 5, 0, 'Se vende departamento con funcionamiento como Oficina en la Cdra. 16 de la Av. Faucett, Distrito de Bellavista, a media cdra de la Av. Venezuela (limite con San Miguel). Área ocupada 122 mt2, cuenta con una sala amplia e iluminada, ademas de 1 cocina con área de lavandería, Therma, 2 baños completos, 3 dormitorios, 1 estacionamiento, está ubicada en el 4to piso, vista exterior. El edificio es solo de 5 pisos y no tiene Ascensor. La oficina viene con sistema de cámaras de seguridad. \r\nMantenimiento S/. 100.00\r\n', 32, 1286),
(33, 6, 3, 185000, 'D', 3, 122, 3, 2, '-77.09746420383453', '-12.061169983302083', 1, '2016-12-13 03:00:23', '2016-12-02 05:00:00', '2016-12-13 03:26:37', 'MIGUEL SAN MIGUEL', '949671755', '', 'Bellavista, Perú', 'av elmer faucett 1674', 5, 0, 5, 0, 'SE VENDE LINDO DEPARTAMENTO, MUY AMPLIO E ILUMINADO, EN EDIFICIO DE SOLO 5 PISOS, EN LA AV. ELMER FAUCETT, A SÓLO MEDIA CUADRA DEL SUPERMERCADO METRO, DISTRITO DE BELLAVISTA. PUEDE FUNCIONAR PARA VIVIENDA U OFICINA ADMINISTRATIVA.\r\nCONSTA DE 3 HABITACIONES CON CLOSETS, LA PRINCIPAL CON BAÑO COMPLETO Y OTRO BAÑO DE VISITA. COCINA CON MUEBLES BAJOS Y ZONA DE LAVANDERÍA. PISOS DE PORCELANATO. VISTA EXTERIOR\r\nINFORMES Y VISITAS AL 949671755 / cdavila@aia.com.pe', 32, 1286),
(34, 6, 2, 1200, 'D', 100, 125, 2, 3, '-77.04698362294317', '-12.105695463439499', 1, '2016-12-28 00:35:21', '2016-12-27 05:00:00', '2017-01-05 01:19:16', 'FINGERI', '949671755', '', 'El Solar de San Isidro, San Isidro, Perú', 'prolongacion alfredo salazar 180 San Isidro', 5, 1, 0, 0, 'Se alquila departamento Duplex en San Isidro, a una cdra. del Golf. Consta en el primer piso Sala comedor, 1/2 baño, Cocina equipada (cocina, campana extractora, refrigeradora), lavandería (lavadora) cuarto y baño de servicio. 2do piso Sala de estar, 2 dormitorios, cada uno con closet y baño. Precio de alquiler: USD 1200.00 Mantenimiento: S/. 450.00 *opción de alquilar una segunda cochera Contrato mínimo un año, se pide 2 meses de garantía y 1 de alquiler. Informesy visitas: 949671755 / cdavila@aia.com.pe', 32, 1281),
(35, 6, 2, 1200, 'D', 100, 100, 2, 2, '-77.04504105427247', '-12.110378447277974', 1, '2016-12-30 00:09:23', '2016-12-28 05:00:00', '2016-12-30 00:09:23', 'Maria Luisa Dupont', '949674755', '', 'Sector 2, San Isidro, Perú', 'av angamos oeste 1630', 5, 1, 0, 1, 'Se alquila departamento flat en San Isidro, totalmente amoblado y equipado. Sala comedor, 2 dormitorios, ambos con amplios closets, 2 baños, cocina equipada, cuarto y baño de servicio, lavandería, balcón con vista a la calle, frente a parque. 1 estacionamiento. El dpto. está en el 2do piso, el edificio cuenta con ascensor y seguridad 24h. \r\nContrato mínimo 1 año. \r\n2 de garantía y 1 mes adelantado.\r\nVisitas e informes: 949671755 / cdavila@aia.com.pe', 32, 1281),
(36, 6, 3, 79000, 'D', 3, 40, 1, 1, '-77.12351381778711', '-12.073734905390276', 1, '2017-01-05 01:08:49', '2017-01-03 05:00:00', '2017-01-05 01:08:49', 'Elizabeth Vargas Samame', '942955593 ', '', 'La Perla, Perú', 'av costanera cruce con av santa rosa', NULL, 0, 1, 0, 'Se vende lindo departamento, a un paso de San Miguel, un dormitorio con walk in closet (color y diseño a escoger) baño completo con ducha de columna con hidromasajes, cocina tipo kitchenette, con muebles altos y bajos, pisos laminados.\r\nÁreas comunes (piscina, terraza, salón para eventos, etc) Seguridad 24 horas.\r\nEstacionamiento para alquilar: S/. 200.00\r\nManteniemiento: S/. 150.00\r\nInformes y Visitas: 942955593 / 949671755', 42, 1286),
(37, 6, 3, 125000, 'D', 3, 57, 2, 2, '-77.09504082798958', '-12.085652990858065', 1, '2017-01-09 21:03:20', '2017-01-06 05:00:00', '2017-01-09 21:03:20', 'jose palma', '949671755', '', 'San Miguel, Perú', 'Av. costanera 1200 San Miguel', 5, 1, 2, 0, 'Se vende lindo y moderno departamento en San Miguel, Con privilegiada vista al mar, de 2 dormitorios, cocina estilo Kitchenette, 2 baños, 1 estacionamiento en sótano. Pisos de porcelanato y cerámico. El condominio tiene áreas comunes como: Piscina, terraza, salón de eventos, salón para niños, seguridad 24hrs.\r\nVisitas e informes al 949671755 / cdavila@aia.com.pe', 32, 1286),
(40, 6, 3, 115000, 'D', 3, 82, 3, 3, '-77.08649531006819', '-12.090153608678174', 1, '2017-01-11 00:51:54', '2017-01-10 05:00:00', '2017-01-11 07:33:29', 'GUSTAVO UGARTE', '949671755', '', 'San Miguel, Perú', 'Av costanera 280 San Miguel', 5, 1, 7, 0, '¡OCASIÓN! se vende departamento en la Av. Costanera, con linda vista al mar, de 3 dormitorios, sala comedor con muy buena iluminación natural y balcón, amplia cocina, baño de visita, dormitorio principal con baño con tina y closet, segundo y 3er dormitorio con baño compartido. Se encuentra en el 4to piso, con ascensor y seguridad las 24hrs. Mantenimiento S/. 120.00 informes y visitas al 949-671-755 / cdavila@aia.com.pe', 32, 1286),
(41, 6, 3, 120000, 'D', 3, 107, 3, 3, '-77.08362415167846', '-12.086322634770596', 1, '2017-01-11 01:44:08', '2017-01-10 05:00:00', '2017-01-11 07:39:17', 'CARLOS ORTIZ VELARDE', '959374891', '', 'Pando 7 Etapa, Distrito de Lima 15087, Perú', 'Av. Universitaria 427-429 Departamento 502 San Miguel', 5, 1, 5, 0, 'VENTA DE DUPLEX, UBICADO EN LA AV. UNIVERSITARIA, SAN MIGUEL.\r\nMUY CERCA A PLAZA SAN MIGUEL RESTAURANTES GIMNASIOS Y DEMÁS COMERCIOS.\r\n\r\nSE ENCUENTRA EN EL 5TO PISO, ACCESO POR ESCALERAS (SIN ASCENSOR), 1 ESTACIONAMIENTO\r\nEXCELENTE ESTADO DE CONSERVACIÓN,\r\nCUENTA CON ZONA PARA PARRILLA\r\nMUEBLES DE COCINA ALTOS Y BAJOS, LAVANDERÍA , PISOS DE CERÁMICO\r\n\r\n', 42, 1286),
(42, 5, 3, 300000, 'D', 3, 160, 6, 4, '-77.08574544726258', '-12.08542455712327', 1, '2017-01-11 01:58:23', '2017-01-10 05:00:00', '2017-01-11 01:58:23', 'TERESA DE JESUS MORI BOCANEGRA', '979347081', 'liliamobo@hotmail.com', 'Pando 7 Etapa, Distrito de Lima 15087, Perú', '', NULL, 2, 25, 0, 'CASA 3 PISOS / 160 MTS DE TERRENO / 250 MTS DE ÁREA CONSTRUIDA\r\nUBICADA EN PANDO 7MA ETAPA. CERCA A AVENIDA UNIVERSITARIA  / PLAZA SAN MIGUEL Y DEMÁS COMERCIOS.\r\nCOCHERA LINEAL PARA 2 VEHÍCULOS, \r\nAMPLIA SALA  -COMEDOR / COCINA SIN EQUIPAR TABLERO DE CEMENTO BAJO / 2 DORMITORIOS, 2  BAÑOS EN PRIMER PISO\r\n4 DORMITORIOS 2 BAÑOS Y PEQUEÑA TERRAZA EN 2DO PISO\r\n2 DORMITORIOS CON TECHO DE CALAMINA ADICIONALES EN ZONA TRASERA Y ÁREA LIBRE  EN 3ER PISO \r\nJARDÍN EN ENTRADA, PISOS DE PARQUET BIEN CONSERVADOS\r\nNECESITA TRABAJOS DE PINTURA. \r\n\r\n\r\n', 42, 1286),
(43, 6, 3, 115000, 'D', 3, 85, 3, 2, '-77.05030694603926', '-12.077821315763583', 1, '2017-01-11 09:57:20', '2017-01-11 05:00:00', '2017-01-11 09:57:20', 'GUSTAVO UGARTE', '949671755', '', 'Jesús María, Perú', 'av mariategui 1388 jesus maria', 5, 0, 5, 0, 'Venta de lindo departamento en el corazón de Jesús María, en la cdra 13 de la Av. Mariategui, a sólo unas cuadra del mercado e iglesia San José. Cuenta con 3 dormitorios, todos con closets y con vista exterior, 2 baños completos, sala comedor, amplia y moderna cocina con tablero de granito, pisos de parquet. Ubicado en el 6to piso (con ascensor) en un edificio de solo 7 pisos, (3 dptos por piso). Seguridad 24 hrs.\r\nCosto de mantenimiento: S/. 120.00\r\ninformes: 949671755 / cdavila@aia.com.pe', 32, 1263);

-- --------------------------------------------------------

--
-- Estructura de tabla para la tabla `property_detail`
--

CREATE TABLE IF NOT EXISTS `property_detail` (
  `id` int(11) NOT NULL AUTO_INCREMENT,
  `name` varchar(60) DEFAULT NULL,
  `description` varchar(100) DEFAULT NULL,
  `active` tinyint(1) DEFAULT NULL,
  PRIMARY KEY (`id`)
) ENGINE=InnoDB  DEFAULT CHARSET=utf8 AUTO_INCREMENT=20 ;

--
-- Volcado de datos para la tabla `property_detail`
--

INSERT INTO `property_detail` (`id`, `name`, `description`, `active`) VALUES
(1, 'Terraza', NULL, 1),
(2, 'Patio', NULL, 1),
(3, 'Cable', NULL, 1),
(4, 'Jacuzzi', NULL, 1),
(5, 'Walk in Closet', NULL, 1),
(6, 'Caseta de Seguridad', NULL, 1),
(7, 'Piscina', NULL, 1),
(8, 'Internet', NULL, 1),
(9, 'Deposito', NULL, 1),
(10, 'Cuarto y Baño de Servicio', NULL, 1),
(11, 'Club house', NULL, 1),
(12, 'Ascensor', NULL, 1),
(13, 'Frente a parque', NULL, 1),
(14, 'Vista a calle', NULL, 1),
(15, 'Balcon', NULL, 1),
(16, 'Kitchenette', NULL, 1),
(17, 'Portero electrico', NULL, 1),
(18, 'Area BBQ', NULL, 1),
(19, 'Area deportiva', NULL, 1);

-- --------------------------------------------------------

--
-- Estructura de tabla para la tabla `provincia`
--

CREATE TABLE IF NOT EXISTS `provincia` (
  `idProv` int(5) NOT NULL DEFAULT '0',
  `provincia` varchar(50) DEFAULT NULL,
  `idDepa` int(5) DEFAULT NULL,
  PRIMARY KEY (`idProv`)
) ENGINE=MyISAM DEFAULT CHARSET=utf8;

--
-- Volcado de datos para la tabla `provincia`
--

INSERT INTO `provincia` (`idProv`, `provincia`, `idDepa`) VALUES
(1, 'CHACHAPOYAS ', 1),
(2, 'BAGUA', 1),
(3, 'BONGARA', 1),
(4, 'CONDORCANQUI', 1),
(5, 'LUYA', 1),
(6, 'RODRIGUEZ DE MENDOZA', 1),
(7, 'UTCUBAMBA', 1),
(8, 'HUARAZ', 2),
(9, 'AIJA', 2),
(10, 'ANTONIO RAYMONDI', 2),
(11, 'ASUNCION', 2),
(12, 'BOLOGNESI', 2),
(13, 'CARHUAZ', 2),
(14, 'CARLOS FERMIN FITZCARRALD', 2),
(15, 'CASMA', 2),
(16, 'CORONGO', 2),
(17, 'HUARI', 2),
(18, 'HUARMEY', 2),
(19, 'HUAYLAS', 2),
(20, 'MARISCAL LUZURIAGA', 2),
(21, 'OCROS', 2),
(22, 'PALLASCA', 2),
(23, 'POMABAMBA', 2),
(24, 'RECUAY', 2),
(25, 'SANTA', 2),
(26, 'SIHUAS', 2),
(27, 'YUNGAY', 2),
(28, 'ABANCAY', 3),
(29, 'ANDAHUAYLAS', 3),
(30, 'ANTABAMBA', 3),
(31, 'AYMARAES', 3),
(32, 'COTABAMBAS', 3),
(33, 'CHINCHEROS', 3),
(34, 'GRAU', 3),
(35, 'AREQUIPA', 4),
(36, 'CAMANA', 4),
(37, 'CARAVELI', 4),
(38, 'CASTILLA', 4),
(39, 'CAYLLOMA', 4),
(40, 'CONDESUYOS', 4),
(41, 'ISLAY', 4),
(42, 'LA UNION', 4),
(43, 'HUAMANGA', 5),
(44, 'CANGALLO', 5),
(45, 'HUANCA SANCOS', 5),
(46, 'HUANTA', 5),
(47, 'LA MAR', 5),
(48, 'LUCANAS', 5),
(49, 'PARINACOCHAS', 5),
(50, 'PAUCAR DEL SARA SARA', 5),
(51, 'SUCRE', 5),
(52, 'VICTOR FAJARDO', 5),
(53, 'VILCAS HUAMAN', 5),
(54, 'CAJAMARCA', 6),
(55, 'CAJABAMBA', 6),
(56, 'CELENDIN', 6),
(57, 'CHOTA ', 6),
(58, 'CONTUMAZA', 6),
(59, 'CUTERVO', 6),
(60, 'HUALGAYOC', 6),
(61, 'JAEN', 6),
(62, 'SAN IGNACIO', 6),
(63, 'SAN MARCOS', 6),
(64, 'SAN PABLO', 6),
(65, 'SANTA CRUZ', 6),
(66, 'CALLAO', 7),
(67, 'CUSCO', 8),
(68, 'ACOMAYO', 8),
(69, 'ANTA', 8),
(70, 'CALCA', 8),
(71, 'CANAS', 8),
(72, 'CANCHIS', 8),
(73, 'CHUMBIVILCAS', 8),
(74, 'ESPINAR', 8),
(75, 'LA CONVENCION', 8),
(76, 'PARURO', 8),
(77, 'PAUCARTAMBO', 8),
(78, 'QUISPICANCHI', 8),
(79, 'URUBAMBA', 8),
(80, 'HUANCAVELICA', 9),
(81, 'ACOBAMBA', 9),
(82, 'ANGARAES', 9),
(83, 'CASTROVIRREYNA', 9),
(84, 'CHURCAMPA', 9),
(85, 'HUAYTARA', 9),
(86, 'TAYACAJA', 9),
(87, 'HUANUCO', 10),
(88, 'AMBO', 10),
(89, 'DOS DE MAYO', 10),
(90, 'HUACAYBAMBA', 10),
(91, 'HUAMALIES', 10),
(92, 'LEONCIO PRADO', 10),
(93, 'MARA&Ntilde;ON', 10),
(94, 'PACHITEA', 10),
(95, 'PUERTO INCA', 10),
(96, 'LAURICOCHA', 10),
(97, 'YAROWILCA', 10),
(98, 'ICA', 11),
(99, 'CHINCHA', 11),
(100, 'NAZCA', 11),
(101, 'PALPA', 11),
(102, 'PISCO', 11),
(103, 'HUANCAYO', 12),
(104, 'CONCEPCION', 12),
(105, 'CHANCHAMAYO', 12),
(106, 'JAUJA', 12),
(107, 'JUNIN', 12),
(108, 'SATIPO', 12),
(109, 'TARMA', 12),
(110, 'YAULI', 12),
(111, 'CHUPACA', 12),
(112, 'TRUJILLO', 13),
(113, 'ASCOPE', 13),
(114, 'BOLIVAR', 13),
(115, 'CHEPEN', 13),
(116, 'JULCAN', 13),
(117, 'OTUZCO', 13),
(118, 'PACASMAYO', 13),
(119, 'PATAZ', 13),
(120, 'SANCHEZ CARRION', 13),
(121, 'SANTIAGO DE CHUCO', 13),
(122, 'GRAN CHIMU', 13),
(123, 'VIRU', 13),
(124, 'CHICLAYO', 14),
(125, 'FERRE&Ntilde;AFE', 14),
(126, 'LAMBAYEQUE', 14),
(127, 'LIMA', 15),
(128, 'BARRANCA', 15),
(129, 'CAJATAMBO', 15),
(130, 'CANTA', 15),
(131, 'CA&Ntilde;ETE', 15),
(132, 'HUARAL', 15),
(133, 'HUAROCHIRI', 15),
(134, 'HUAURA', 15),
(135, 'OYON', 15),
(136, 'YAUYOS', 15),
(137, 'MAYNAS', 16),
(138, 'ALTO AMAZONAS', 16),
(139, 'LORETO', 16),
(140, 'MARISCAL RAMON CASTILLA', 16),
(141, 'REQUENA', 16),
(142, 'UCAYALI', 16),
(143, 'TAMBOPATA', 17),
(144, 'MANU', 17),
(145, 'TAHUAMANU', 17),
(146, 'MARISCAL NIETO', 18),
(147, 'GENERAL SANCHEZ CERRO', 18),
(148, 'ILO', 18),
(149, 'PASCO', 19),
(150, 'DANIEL ALCIDES CARRION', 19),
(151, 'OXAPAMPA', 19),
(152, 'PIURA', 20),
(153, 'AYABACA', 20),
(154, 'HUANCABAMBA', 20),
(155, 'MORROPON', 20),
(156, 'PAITA', 20),
(157, 'SULLANA', 20),
(158, 'TALARA', 20),
(159, 'SECHURA', 20),
(160, 'PUNO', 21),
(161, 'AZANGARO', 21),
(162, 'CARABAYA', 21),
(163, 'CHUCUITO', 21),
(164, 'EL COLLAO', 21),
(165, 'HUANCANE', 21),
(166, 'LAMPA', 21),
(167, 'MELGAR', 21),
(168, 'MOHO', 21),
(169, 'SAN ANTONIO DE PUTINA', 21),
(170, 'SAN ROMAN', 21),
(171, 'SANDIA', 21),
(172, 'YUNGUYO', 21),
(173, 'MOYOBAMBA', 22),
(174, 'BELLAVISTA', 22),
(175, 'EL DORADO', 22),
(176, 'HUALLAGA', 22),
(177, 'LAMAS', 22),
(178, 'MARISCAL CACERES', 22),
(179, 'PICOTA', 22),
(180, 'RIOJA', 22),
(181, 'SAN MARTIN', 22),
(182, 'TOCACHE', 22),
(183, 'TACNA', 23),
(184, 'CANDARAVE', 23),
(185, 'JORGE BASADRE', 23),
(186, 'TARATA', 23),
(187, 'TUMBES', 24),
(188, 'CONTRALMIRANTE VILLAR', 24),
(189, 'ZARUMILLA', 24),
(190, 'CORONEL PORTILLO', 25),
(191, 'ATALAYA', 25),
(192, 'PADRE ABAD', 25),
(193, 'PURUS', 25);

-- --------------------------------------------------------

--
-- Estructura de tabla para la tabla `state`
--

CREATE TABLE IF NOT EXISTS `state` (
  `id` int(11) NOT NULL AUTO_INCREMENT,
  `state` varchar(45) NOT NULL,
  `category` varchar(45) NOT NULL,
  `active` tinyint(1) NOT NULL,
  PRIMARY KEY (`id`)
) ENGINE=InnoDB  DEFAULT CHARSET=utf8 AUTO_INCREMENT=6 ;

--
-- Volcado de datos para la tabla `state`
--

INSERT INTO `state` (`id`, `state`, `category`, `active`) VALUES
(1, 'active', 'user', 1),
(2, 'Alquiler', 'property', 1),
(3, 'Venta', 'property', 1),
(4, 'Alquilado', 'property', 1),
(5, 'Vendido', 'property', 1);

-- --------------------------------------------------------

--
-- Estructura de tabla para la tabla `type`
--

CREATE TABLE IF NOT EXISTS `type` (
  `id` int(11) NOT NULL AUTO_INCREMENT,
  `type` varchar(45) NOT NULL,
  `category` varchar(45) NOT NULL,
  `active` tinyint(1) NOT NULL,
  PRIMARY KEY (`id`)
) ENGINE=InnoDB  DEFAULT CHARSET=utf8 AUTO_INCREMENT=13 ;

--
-- Volcado de datos para la tabla `type`
--

INSERT INTO `type` (`id`, `type`, `category`, `active`) VALUES
(1, 'admin', 'user', 1),
(2, 'AIA admin App', 'module', 1),
(3, 'AIA admin Agentes', 'module', 1),
(4, 'AIA admin Propiedades', 'module', 1),
(5, 'Casa', 'property', 1),
(6, 'Departamento', 'property', 1),
(7, 'Local', 'property', 1),
(8, 'Terreno', 'property', 1),
(9, 'Agente', 'user', 1),
(10, 'Oficina', 'property', 1),
(11, 'Casa de Campo', 'property', 1),
(12, 'Casa de Playa', 'property', 1);

-- --------------------------------------------------------

--
-- Estructura de tabla para la tabla `user`
--

CREATE TABLE IF NOT EXISTS `user` (
  `id` int(11) NOT NULL AUTO_INCREMENT,
  `names` varchar(100) NOT NULL,
  `surnames` varchar(45) NOT NULL,
  `email` varchar(45) NOT NULL,
  `username` varchar(45) NOT NULL,
  `password` varchar(45) NOT NULL,
  `active` tinyint(1) NOT NULL,
  `lastupdate` timestamp NOT NULL DEFAULT CURRENT_TIMESTAMP ON UPDATE CURRENT_TIMESTAMP,
  `type_id` int(11) NOT NULL,
  `state_id` int(11) NOT NULL,
  `sex` char(1) NOT NULL,
  `profile_id` int(11) NOT NULL,
  `authKey` varchar(45) DEFAULT NULL,
  `accessToken` varchar(45) DEFAULT NULL,
  `parent` int(11) DEFAULT NULL,
  `avatar` varchar(100) DEFAULT NULL,
  `phone` varchar(45) DEFAULT NULL,
  PRIMARY KEY (`id`),
  KEY `fk_usuario_tipo1_idx` (`type_id`),
  KEY `fk_usuario_estado1_idx` (`state_id`),
  KEY `fk_user_profile1_idx` (`profile_id`),
  KEY `_idx` (`avatar`)
) ENGINE=InnoDB  DEFAULT CHARSET=utf8 AUTO_INCREMENT=43 ;

--
-- Volcado de datos para la tabla `user`
--

INSERT INTO `user` (`id`, `names`, `surnames`, `email`, `username`, `password`, `active`, `lastupdate`, `type_id`, `state_id`, `sex`, `profile_id`, `authKey`, `accessToken`, `parent`, `avatar`, `phone`) VALUES
(1, 'Alfredo Antonio', 'Sotil Pastor', 'alfredosotil@gmail.com', 'asotilp', 'asotilp', 1, '2016-07-15 22:13:48', 1, 1, 'M', 1, '', '', NULL, NULL, ''),
(32, 'Claudia', 'Davila', 'cdavila@aia.com.pe', 'admincdavila', '123cdavila', 1, '2016-07-20 21:09:19', 1, 1, 'F', 2, '', '', NULL, '-Qn_Npq-bj8Yj549wjng29UPFo8s7ZX0.jpg', '949671755'),
(36, 'Claudia', 'Dávila', 'cdavila@aia.com.pe', 'cdavila', '123cdavila', 1, '2016-07-19 01:08:47', 9, 1, 'F', 3, NULL, NULL, 32, 'YxwoVAdoTNXXdviPpznsy1mlKGifWElH.jpg', '949671755'),
(37, 'José', 'Yaipén Ótarola', 'jyaipen@aia.com.pe', 'jyaipen', '123jyaipen', 1, '2016-07-25 00:34:14', 9, 1, 'M', 3, NULL, NULL, 32, '666ekRDv9EHNz2V62cJuOGQYSR-SQv8_.jpg', '986057797'),
(39, 'José Luis', 'Chunga', 'jlchunga@aia.com.pe', 'jlchunga', '123jlchunga', 1, '2016-07-24 19:48:10', 9, 1, 'M', 3, NULL, NULL, 32, 'jHmRyNGuo2j69f5aGHqCyh7W4_HtZzMh.jpg', '943813590'),
(42, 'Rosana ', 'Farias', 'rfarias@aia.com.pe', 'rfarias', '123rfarias', 1, '2016-11-28 17:25:39', 9, 1, 'F', 3, NULL, NULL, 32, 'c_bshHDlDhrTs5Slrcs_F5sYxdG3qXtC.jpg', '942955593');

--
-- Restricciones para tablas volcadas
--

--
-- Filtros para la tabla `access`
--
ALTER TABLE `access`
  ADD CONSTRAINT `fk_access_module1` FOREIGN KEY (`module_id`) REFERENCES `module` (`id`) ON DELETE NO ACTION ON UPDATE NO ACTION,
  ADD CONSTRAINT `fk_access_profile1` FOREIGN KEY (`profile_id`) REFERENCES `profile` (`id`) ON DELETE NO ACTION ON UPDATE NO ACTION;

--
-- Filtros para la tabla `accesspropertydetail`
--
ALTER TABLE `accesspropertydetail`
  ADD CONSTRAINT `fk_accesspropertydetail_property1` FOREIGN KEY (`property_id`) REFERENCES `property` (`id`) ON DELETE CASCADE ON UPDATE NO ACTION,
  ADD CONSTRAINT `fk_accesspropertydetail_property_detail1` FOREIGN KEY (`property_detail_id`) REFERENCES `property_detail` (`id`) ON DELETE CASCADE ON UPDATE NO ACTION;

--
-- Filtros para la tabla `images_property`
--
ALTER TABLE `images_property`
  ADD CONSTRAINT `fk_images_property_property1` FOREIGN KEY (`property_id`) REFERENCES `property` (`id`) ON DELETE CASCADE ON UPDATE NO ACTION;

--
-- Filtros para la tabla `images_user`
--
ALTER TABLE `images_user`
  ADD CONSTRAINT `fk_images_user_user1` FOREIGN KEY (`user_id`) REFERENCES `user` (`id`) ON DELETE CASCADE ON UPDATE NO ACTION;

--
-- Filtros para la tabla `property`
--
ALTER TABLE `property`
  ADD CONSTRAINT `fk_property_state1` FOREIGN KEY (`state_id`) REFERENCES `state` (`id`) ON DELETE NO ACTION ON UPDATE NO ACTION,
  ADD CONSTRAINT `fk_property_type1` FOREIGN KEY (`type_id`) REFERENCES `type` (`id`) ON DELETE NO ACTION ON UPDATE NO ACTION,
  ADD CONSTRAINT `fk_property_user1` FOREIGN KEY (`user_id`) REFERENCES `user` (`id`) ON DELETE CASCADE ON UPDATE NO ACTION;

--
-- Filtros para la tabla `user`
--
ALTER TABLE `user`
  ADD CONSTRAINT `fk_user_profile1` FOREIGN KEY (`profile_id`) REFERENCES `profile` (`id`) ON DELETE NO ACTION ON UPDATE NO ACTION,
  ADD CONSTRAINT `fk_usuario_estado1` FOREIGN KEY (`state_id`) REFERENCES `state` (`id`) ON DELETE NO ACTION ON UPDATE NO ACTION,
  ADD CONSTRAINT `fk_usuario_tipo1` FOREIGN KEY (`type_id`) REFERENCES `type` (`id`) ON DELETE NO ACTION ON UPDATE NO ACTION;
SET FOREIGN_KEY_CHECKS=1;
COMMIT;

/*!40101 SET CHARACTER_SET_CLIENT=@OLD_CHARACTER_SET_CLIENT */;
/*!40101 SET CHARACTER_SET_RESULTS=@OLD_CHARACTER_SET_RESULTS */;
/*!40101 SET COLLATION_CONNECTION=@OLD_COLLATION_CONNECTION */;
